set,row,w1,w2,w3,w4
4,0,0.170435,0.266839,0.285132,0.277593,
4,1,0.171585,0.212138,0.347693,0.268584,
4,2,0.266406,0.125003,0.326500,0.282091,
4,3,0.222647,0.136595,0.280334,0.360423,
4,4,0.226474,0.122891,0.323919,0.326716,
4,5,0.265374,0.136421,0.277075,0.321130,
4,6,0.241148,0.182217,0.283661,0.292974,
4,7,0.181779,0.235788,0.348772,0.233662,
4,8,0.255346,0.224286,0.293664,0.226703,
4,9,0.236478,0.215687,0.282255,0.265580,
4,10,0.198658,0.251965,0.255340,0.294037,
4,11,0.322726,0.223135,0.217302,0.236837,
4,12,0.256228,0.157171,0.306317,0.280284,
4,13,0.177720,0.251116,0.312673,0.258491,
4,14,0.211875,0.185829,0.326763,0.275533,
4,15,0.179432,0.149476,0.300873,0.370219,
4,16,0.209489,0.198235,0.280675,0.311600,
4,17,0.215350,0.226410,0.319769,0.238471,
4,18,0.143247,0.249319,0.234976,0.372459,
4,19,0.212758,0.292147,0.246091,0.249004,
4,20,0.209743,0.195870,0.297996,0.296391,
4,21,0.201491,0.221508,0.318463,0.258538,
4,22,0.229289,0.293899,0.270907,0.205905,
4,23,0.176827,0.146606,0.284898,0.391669,
4,24,0.178164,0.192403,0.308092,0.321340,
4,25,0.173824,0.291139,0.281697,0.253340,
4,26,0.192600,0.161666,0.267634,0.378100,
4,27,0.280898,0.119556,0.306989,0.292557,
4,28,0.174187,0.263922,0.279402,0.282489,
4,29,0.288538,0.147024,0.249187,0.315251,
4,30,0.261785,0.152553,0.252618,0.333044,
4,31,0.234400,0.166225,0.247282,0.352093,
4,32,0.146837,0.228982,0.367438,0.256743,
4,33,0.154806,0.191801,0.385176,0.268217,
4,34,0.247404,0.213057,0.245234,0.294304,
4,35,0.185868,0.140408,0.396705,0.277019,
4,36,0.201282,0.229151,0.311871,0.257696,
4,37,0.252990,0.155672,0.215821,0.375517,
4,38,0.206830,0.224363,0.304867,0.263940,
4,39,0.228035,0.179045,0.257047,0.335873,
4,40,0.274169,0.202851,0.237177,0.285804,
4,41,0.203234,0.225775,0.323524,0.247466,
4,42,0.281775,0.196462,0.264162,0.257601,
4,43,0.216521,0.184329,0.294367,0.304783,
4,44,0.234584,0.158436,0.288042,0.318938,
4,45,0.221536,0.163746,0.269959,0.344759,
4,46,0.145182,0.164416,0.269109,0.421293,
4,47,0.278514,0.142719,0.264199,0.314568,
4,48,0.207895,0.219993,0.280584,0.291528,
4,49,0.179237,0.134403,0.416299,0.270061,
4,50,0.256488,0.103244,0.309692,0.330577,
4,51,0.234246,0.231537,0.293951,0.240265,
4,52,0.162183,0.275456,0.316366,0.245994,
4,53,0.190982,0.264793,0.216677,0.327548,
4,54,0.175703,0.261864,0.313302,0.249130,
4,55,0.177887,0.282628,0.282429,0.257056,
4,56,0.227121,0.207085,0.279783,0.286010,
4,57,0.222538,0.116599,0.353945,0.306918,
4,58,0.165896,0.246959,0.287674,0.299470,
4,59,0.187857,0.197193,0.340025,0.274924,
4,60,0.205299,0.196536,0.344054,0.254111,
4,61,0.157873,0.312886,0.236309,0.292933,
4,62,0.361380,0.103160,0.290534,0.244926,
4,63,0.259692,0.136202,0.287346,0.316760,
4,64,0.252535,0.250141,0.272289,0.225034,
4,65,0.210882,0.194341,0.290067,0.304710,
4,66,0.179675,0.264303,0.275118,0.280905,
4,67,0.161717,0.274326,0.318007,0.245950,
4,68,0.187391,0.283393,0.289162,0.240053,
4,69,0.192626,0.225834,0.269321,0.312218,
4,70,0.253530,0.179871,0.282717,0.283882,
4,71,0.216017,0.212205,0.285243,0.286534,
4,72,0.325828,0.117989,0.298358,0.257825,
4,73,0.239056,0.171834,0.309833,0.279277,
4,74,0.238935,0.160278,0.286685,0.314102,
4,75,0.220938,0.213646,0.279241,0.286175,
4,76,0.245176,0.225564,0.223755,0.305506,
4,77,0.177889,0.178562,0.274900,0.368649,
4,78,0.168236,0.276887,0.252804,0.302073,
4,79,0.208513,0.186709,0.277767,0.327011,
4,80,0.293531,0.144687,0.259985,0.301797,
4,81,0.221957,0.238963,0.211273,0.327808,
4,82,0.247887,0.154590,0.266226,0.331297,
4,83,0.158110,0.253519,0.321498,0.266874,
4,84,0.248334,0.197122,0.278969,0.275575,
4,85,0.190345,0.257118,0.298614,0.253923,
4,86,0.214907,0.206734,0.293395,0.284964,
4,87,0.219182,0.219167,0.306389,0.255262,
4,88,0.193990,0.171383,0.276556,0.358071,
4,89,0.243954,0.201117,0.248297,0.306632,
4,90,0.188667,0.173848,0.338621,0.298864,
4,91,0.169084,0.263013,0.357620,0.210283,
4,92,0.176897,0.250504,0.274840,0.297759,
4,93,0.206636,0.186940,0.247879,0.358545,
4,94,0.231455,0.164580,0.289620,0.314344,
4,95,0.146801,0.274952,0.288145,0.290103,
4,96,0.174366,0.319426,0.271655,0.234553,
4,97,0.223479,0.212359,0.296284,0.267878,
4,98,0.248539,0.160956,0.255196,0.335308,
4,99,0.267328,0.162693,0.296071,0.273908,
4,100,0.195434,0.237760,0.267627,0.299180,
4,101,0.188672,0.269967,0.327086,0.214274,
4,102,0.173212,0.113579,0.238954,0.474255,
4,103,0.212611,0.196604,0.244971,0.345813,
4,104,0.177424,0.208075,0.333951,0.280550,
4,105,0.191764,0.172632,0.292399,0.343205,
4,106,0.177824,0.162560,0.289467,0.370149,
4,107,0.186325,0.218601,0.309050,0.286024,
4,108,0.189164,0.160643,0.301161,0.349032,
4,109,0.229390,0.162784,0.347122,0.260704,
4,110,0.207363,0.236290,0.283440,0.272907,
4,111,0.251571,0.200705,0.279822,0.267902,
4,112,0.261589,0.203589,0.250875,0.283947,
4,113,0.245980,0.176126,0.303932,0.273962,
4,114,0.249056,0.214915,0.257238,0.278791,
4,115,0.199750,0.236385,0.294919,0.268946,
4,116,0.170027,0.173494,0.330277,0.326203,
4,117,0.190444,0.180582,0.308223,0.320751,
4,118,0.217792,0.191877,0.282003,0.308328,
4,119,0.309159,0.132423,0.234582,0.323836,
4,120,0.201844,0.195108,0.304615,0.298433,
4,121,0.331620,0.106758,0.287781,0.273841,
4,122,0.190305,0.170137,0.262315,0.377242,
4,123,0.197851,0.242210,0.318619,0.241320,
4,124,0.232495,0.202868,0.265839,0.298798,
4,125,0.208020,0.226053,0.323257,0.242671,
4,126,0.209722,0.142733,0.294386,0.353159,
4,127,0.236329,0.176558,0.255794,0.331319,
4,128,0.210673,0.229622,0.294428,0.265277,
4,129,0.209584,0.234434,0.293960,0.262022,
4,130,0.230407,0.260925,0.246712,0.261956,
4,131,0.285180,0.170679,0.245325,0.298816,
4,132,0.185010,0.118777,0.401169,0.295044,
4,133,0.156842,0.207505,0.382788,0.252865,
4,134,0.208294,0.170028,0.315409,0.306269,
4,135,0.181680,0.227374,0.311978,0.278968,
4,136,0.223649,0.147861,0.275491,0.352998,
4,137,0.210144,0.193027,0.357229,0.239599,
4,138,0.281410,0.194129,0.258818,0.265642,
4,139,0.236627,0.198421,0.248207,0.316745,
4,140,0.163754,0.238987,0.320851,0.276407,
4,141,0.255765,0.113967,0.315852,0.314415,
4,142,0.230167,0.194872,0.255979,0.318982,
4,143,0.253308,0.182819,0.252590,0.311284,
4,144,0.205072,0.157398,0.301705,0.335826,
4,145,0.212818,0.173339,0.251668,0.362174,
4,146,0.218659,0.109288,0.366995,0.305058,
4,147,0.199742,0.215887,0.302028,0.282343,
4,148,0.175045,0.256317,0.326933,0.241704,
4,149,0.226423,0.191280,0.257248,0.325049,
4,150,0.209687,0.198248,0.316278,0.275787,
4,151,0.235892,0.193170,0.328003,0.242936,
4,152,0.155037,0.231983,0.323671,0.289309,
4,153,0.223273,0.204745,0.293426,0.278557,
4,154,0.203941,0.218953,0.294272,0.282834,
4,155,0.169800,0.148739,0.277850,0.403612,
4,156,0.190398,0.231315,0.291768,0.286519,
4,157,0.242830,0.149108,0.280043,0.328019,
4,158,0.212197,0.158326,0.357954,0.271523,
4,159,0.176821,0.201437,0.296808,0.324934,
4,160,0.166315,0.188395,0.329262,0.316028,
4,161,0.171504,0.228795,0.332933,0.266768,
4,162,0.164059,0.250086,0.307388,0.278467,
4,163,0.217726,0.199857,0.293361,0.289056,
4,164,0.221827,0.171968,0.259231,0.346975,
4,165,0.226782,0.198723,0.306375,0.268121,
4,166,0.254779,0.138835,0.256842,0.349544,
4,167,0.238820,0.163602,0.294874,0.302705,
4,168,0.237576,0.237890,0.248778,0.275756,
4,169,0.233599,0.134719,0.299313,0.332369,
4,170,0.212525,0.138743,0.280934,0.367797,
4,171,0.237104,0.145069,0.303912,0.313915,
4,172,0.289148,0.135920,0.296963,0.277969,
4,173,0.197976,0.197199,0.345991,0.258834,
4,174,0.168519,0.277204,0.313576,0.240701,
4,175,0.177972,0.210475,0.277939,0.333615,
4,176,0.186463,0.204954,0.335083,0.273500,
4,177,0.270497,0.216754,0.228134,0.284615,
4,178,0.199391,0.229982,0.335873,0.234754,
4,179,0.250864,0.198324,0.243804,0.307009,
4,180,0.195137,0.179950,0.298205,0.326709,
4,181,0.250059,0.148348,0.253620,0.347973,
4,182,0.294127,0.126289,0.272359,0.307224,
4,183,0.179191,0.245376,0.323166,0.252267,
4,184,0.143284,0.266768,0.322790,0.267158,
4,185,0.221939,0.235274,0.297387,0.245400,
4,186,0.215023,0.200570,0.294841,0.289566,
4,187,0.239944,0.197261,0.263927,0.298867,
4,188,0.156324,0.277314,0.324728,0.241634,
4,189,0.165549,0.158794,0.290330,0.385328,
4,190,0.227534,0.190844,0.308746,0.272876,
4,191,0.195416,0.255216,0.278526,0.270843,
4,192,0.223423,0.184261,0.262228,0.330088,
4,193,0.216602,0.242469,0.322017,0.218912,
4,194,0.251468,0.212508,0.233591,0.302432,
4,195,0.212497,0.129832,0.341055,0.316616,
4,196,0.230972,0.191370,0.273226,0.304432,
4,197,0.276229,0.095452,0.264888,0.363432,
4,198,0.180565,0.218926,0.355431,0.245078,
4,199,0.188450,0.196301,0.321930,0.293319,
4,200,0.272304,0.186179,0.258274,0.283243,
4,201,0.187331,0.215962,0.288608,0.308099,
4,202,0.252774,0.200200,0.289106,0.257920,
4,203,0.217520,0.204611,0.334953,0.242916,
4,204,0.268162,0.153407,0.232432,0.345998,
4,205,0.154913,0.231766,0.325693,0.287628,
4,206,0.197572,0.206866,0.356915,0.238647,
4,207,0.189690,0.281865,0.302927,0.225518,
4,208,0.134942,0.242919,0.333194,0.288945,
4,209,0.263834,0.116882,0.308643,0.310641,
4,210,0.251970,0.145002,0.266057,0.336971,
4,211,0.149281,0.226242,0.278559,0.345918,
4,212,0.251866,0.149472,0.320167,0.278494,
4,213,0.261729,0.147343,0.252772,0.338155,
4,214,0.206436,0.241905,0.261076,0.290583,
4,215,0.182887,0.221271,0.295865,0.299977,
4,216,0.203077,0.225198,0.285595,0.286130,
4,217,0.242361,0.202075,0.296845,0.258719,
4,218,0.247163,0.132086,0.323553,0.297199,
4,219,0.227952,0.189512,0.269173,0.313362,
4,220,0.206764,0.182206,0.299691,0.311339,
4,221,0.218679,0.140147,0.289720,0.351454,
4,222,0.251493,0.202111,0.314415,0.231981,
4,223,0.174926,0.280364,0.291809,0.252901,
4,224,0.214817,0.171414,0.255537,0.358232,
4,225,0.207275,0.163052,0.283755,0.345918,
4,226,0.273044,0.114568,0.255243,0.357145,
4,227,0.187842,0.142607,0.266946,0.402605,
4,228,0.275759,0.159610,0.277798,0.286833,
4,229,0.192140,0.220210,0.290882,0.296768,
4,230,0.215479,0.224344,0.285144,0.275033,
4,231,0.232552,0.178354,0.242065,0.347028,
4,232,0.225500,0.181547,0.274707,0.318246,
4,233,0.219055,0.215696,0.313384,0.251864,
4,234,0.183552,0.175946,0.304942,0.335560,
4,235,0.174007,0.172257,0.271123,0.382613,
4,236,0.193329,0.177607,0.255957,0.373107,
4,237,0.228078,0.181243,0.308036,0.282643,
4,238,0.197118,0.261114,0.318626,0.223141,
4,239,0.169524,0.240082,0.329817,0.260577,
4,240,0.159381,0.221224,0.313457,0.305938,
4,241,0.190036,0.193642,0.332813,0.283509,
4,242,0.232731,0.124939,0.285430,0.356900,
4,243,0.168251,0.172296,0.305288,0.354165,
4,244,0.290146,0.132269,0.315627,0.261958,
4,245,0.209737,0.202350,0.322540,0.265373,
4,246,0.203721,0.218180,0.312236,0.265864,
4,247,0.244351,0.213163,0.246636,0.295850,
4,248,0.231060,0.257576,0.278345,0.233019,
4,249,0.206863,0.175211,0.274471,0.343455,
4,250,0.288989,0.120294,0.318632,0.272085,
4,251,0.268684,0.094779,0.384953,0.251585,
4,252,0.192120,0.141038,0.293747,0.373095,
4,253,0.209901,0.189414,0.307171,0.293514,
4,254,0.180208,0.228283,0.288583,0.302926,
4,255,0.165425,0.278458,0.325288,0.230829,
4,256,0.152892,0.280051,0.318687,0.248371,
4,257,0.155577,0.259708,0.324791,0.259924,
4,258,0.292058,0.222100,0.302551,0.183291,
4,259,0.189078,0.190356,0.263590,0.356976,
4,260,0.223344,0.178096,0.261165,0.337395,
4,261,0.259609,0.129195,0.277178,0.334018,
4,262,0.179281,0.256254,0.350244,0.214221,
4,263,0.197858,0.216784,0.310973,0.274385,
4,264,0.173124,0.234510,0.282471,0.309895,
4,265,0.185770,0.164831,0.308107,0.341292,
4,266,0.249419,0.135898,0.312920,0.301763,
4,267,0.204862,0.248563,0.274097,0.272478,
4,268,0.214428,0.223357,0.305064,0.257150,
4,269,0.157895,0.252803,0.291560,0.297743,
4,270,0.186595,0.261004,0.322355,0.230046,
4,271,0.168091,0.237372,0.311169,0.283367,
4,272,0.215837,0.240096,0.258693,0.285373,
4,273,0.200930,0.210647,0.343880,0.244542,
4,274,0.289486,0.146359,0.282529,0.281626,
4,275,0.291481,0.156497,0.283780,0.268242,
4,276,0.263333,0.183763,0.288274,0.264630,
4,277,0.237696,0.206223,0.293331,0.262751,
4,278,0.279495,0.131892,0.251280,0.337333,
4,279,0.194648,0.224194,0.283829,0.297329,
4,280,0.153466,0.262262,0.312261,0.272010,
4,281,0.327711,0.126704,0.267738,0.277847,
4,282,0.235903,0.137009,0.245703,0.381385,
4,283,0.201842,0.196609,0.287424,0.314126,
4,284,0.177071,0.262013,0.321734,0.239182,
4,285,0.182284,0.106865,0.415164,0.295687,
4,286,0.200935,0.157868,0.291415,0.349782,
4,287,0.150924,0.278308,0.311398,0.259371,
4,288,0.196307,0.157910,0.273777,0.372006,
4,289,0.230337,0.185268,0.301855,0.282540,
4,290,0.260970,0.183502,0.236319,0.319209,
4,291,0.216627,0.121160,0.291889,0.370324,
4,292,0.207308,0.272655,0.243582,0.276455,
4,293,0.211927,0.292792,0.279806,0.215475,
4,294,0.195232,0.198155,0.308639,0.297973,
4,295,0.169849,0.198151,0.341458,0.290542,
4,296,0.226112,0.170083,0.309942,0.293863,
4,297,0.212346,0.099171,0.332827,0.355655,
4,298,0.232745,0.157234,0.303289,0.306732,
4,299,0.244302,0.167138,0.286773,0.301786,
4,300,0.200467,0.264818,0.282954,0.251761,
4,301,0.142949,0.281179,0.318100,0.257772,
4,302,0.181277,0.204320,0.308246,0.306157,
4,303,0.291704,0.141176,0.251815,0.315305,
4,304,0.205461,0.199415,0.300365,0.294759,
4,305,0.166009,0.192358,0.314152,0.327481,
4,306,0.203480,0.201060,0.308631,0.286829,
4,307,0.306167,0.096494,0.287720,0.309619,
4,308,0.283869,0.186675,0.208327,0.321129,
4,309,0.189966,0.240674,0.299418,0.269942,
4,310,0.164395,0.257861,0.281781,0.295963,
4,311,0.183463,0.139252,0.402710,0.274575,
4,312,0.206534,0.147119,0.259974,0.386373,
4,313,0.319556,0.131949,0.214748,0.333747,
4,314,0.245114,0.117983,0.305293,0.331610,
4,315,0.184428,0.213128,0.303261,0.299182,
4,316,0.211875,0.241763,0.266333,0.280029,
4,317,0.222559,0.217327,0.283204,0.276910,
4,318,0.198569,0.218058,0.341659,0.241714,
4,319,0.240314,0.214500,0.307078,0.238108,
4,320,0.257110,0.177057,0.318756,0.247078,
4,321,0.232769,0.205636,0.229540,0.332055,
4,322,0.273939,0.203692,0.228493,0.293876,
4,323,0.174837,0.228525,0.336442,0.260196,
4,324,0.174465,0.241301,0.334787,0.249448,
4,325,0.182895,0.279196,0.319819,0.218090,
4,326,0.365606,0.115787,0.285139,0.233469,
4,327,0.167161,0.210680,0.326798,0.295361,
4,328,0.197796,0.130067,0.340876,0.331262,
4,329,0.224144,0.217195,0.304417,0.254244,
4,330,0.220701,0.178796,0.254049,0.346454,
4,331,0.232642,0.217598,0.246095,0.303665,
4,332,0.210198,0.137908,0.310104,0.341790,
4,333,0.193363,0.161228,0.285132,0.360276,
4,334,0.274161,0.203142,0.255891,0.266806,
4,335,0.192264,0.216070,0.301808,0.289858,
4,336,0.218303,0.217496,0.277322,0.286880,
4,337,0.243944,0.185769,0.297719,0.272568,
4,338,0.385215,0.134206,0.256018,0.224562,
4,339,0.178286,0.205690,0.246820,0.369204,
4,340,0.213197,0.206575,0.307577,0.272652,
4,341,0.246417,0.196018,0.270162,0.287403,
4,342,0.225386,0.215780,0.315638,0.243196,
4,343,0.189999,0.180467,0.226992,0.402542,
4,344,0.212166,0.185534,0.284722,0.317578,
4,345,0.206294,0.233350,0.298660,0.261696,
4,346,0.252540,0.254868,0.281439,0.211154,
4,347,0.165504,0.222830,0.333764,0.277902,
4,348,0.250039,0.090406,0.389908,0.269647,
4,349,0.282266,0.238907,0.239371,0.239456,
4,350,0.221471,0.240591,0.310122,0.227816,
4,351,0.199697,0.245664,0.269347,0.285291,
4,352,0.177918,0.309948,0.261344,0.250789,
4,353,0.165838,0.254496,0.279505,0.300161,
4,354,0.220738,0.200383,0.305629,0.273250,
4,355,0.212021,0.235825,0.280124,0.272031,
4,356,0.268550,0.183363,0.302156,0.245931,
4,357,0.184699,0.238138,0.271722,0.305441,
4,358,0.246870,0.110590,0.283333,0.359207,
4,359,0.224167,0.232407,0.258243,0.285184,
4,360,0.202688,0.178672,0.312679,0.305961,
4,361,0.238660,0.168527,0.304094,0.288719,
4,362,0.200576,0.162567,0.396464,0.240394,
4,363,0.216010,0.170739,0.292355,0.320896,
4,364,0.219691,0.154208,0.256790,0.369312,
4,365,0.175075,0.201724,0.318849,0.304353,
4,366,0.159547,0.180421,0.279260,0.380772,
4,367,0.344784,0.112103,0.237045,0.306067,
4,368,0.304805,0.128793,0.233482,0.332920,
4,369,0.224488,0.189556,0.272748,0.313208,
4,370,0.289877,0.133144,0.263355,0.313624,
4,371,0.214472,0.195449,0.286516,0.303562,
4,372,0.212428,0.159126,0.307778,0.320668,
4,373,0.232576,0.239142,0.250248,0.278034,
4,374,0.209131,0.205049,0.311054,0.274766,
4,375,0.227893,0.185922,0.314268,0.271917,
4,376,0.234833,0.150249,0.332469,0.282449,
4,377,0.261751,0.208896,0.260610,0.268743,
4,378,0.205013,0.208173,0.273053,0.313760,
4,379,0.281386,0.189868,0.293547,0.235199,
4,380,0.179863,0.230184,0.342601,0.247353,
4,381,0.226610,0.223050,0.282488,0.267852,
4,382,0.252343,0.161736,0.290905,0.295016,
4,383,0.206647,0.152021,0.261418,0.379914,
4,384,0.272761,0.200336,0.261294,0.265609,
4,385,0.159870,0.210861,0.277080,0.352189,
4,386,0.157114,0.296239,0.251471,0.295175,
4,387,0.239056,0.177060,0.279634,0.304250,
4,388,0.189841,0.243987,0.287290,0.278883,
4,389,0.155494,0.236906,0.304116,0.303484,
4,390,0.145519,0.245883,0.358633,0.249965,
4,391,0.165934,0.321210,0.332544,0.180312,
4,392,0.263230,0.136345,0.278086,0.322339,
4,393,0.253963,0.186896,0.246117,0.313024,
4,394,0.238651,0.189249,0.343513,0.228588,
4,395,0.233036,0.189754,0.276733,0.300476,
4,396,0.213973,0.248930,0.251198,0.285899,
4,397,0.216822,0.176150,0.343208,0.263820,
4,398,0.202998,0.205140,0.348983,0.242879,
4,399,0.227537,0.257199,0.273702,0.241562,
4,400,0.193388,0.229322,0.255325,0.321965,
4,401,0.191627,0.279245,0.274642,0.254486,
4,402,0.239707,0.158153,0.260895,0.341245,
4,403,0.308753,0.167132,0.226506,0.297610,
4,404,0.174698,0.183233,0.336219,0.305850,
4,405,0.322056,0.138761,0.266920,0.272263,
4,406,0.175051,0.229607,0.302613,0.292729,
4,407,0.311526,0.128458,0.230651,0.329365,
4,408,0.210348,0.242513,0.287513,0.259626,
4,409,0.201048,0.186471,0.358664,0.253816,
4,410,0.208818,0.210872,0.297994,0.282315,
4,411,0.215850,0.219049,0.292141,0.272960,
4,412,0.221173,0.137457,0.326504,0.314865,
4,413,0.258888,0.163062,0.258420,0.319629,
4,414,0.170052,0.283404,0.291314,0.255229,
4,415,0.210860,0.205482,0.301771,0.281887,
4,416,0.226793,0.178017,0.246450,0.348740,
4,417,0.188078,0.247254,0.276628,0.288041,
4,418,0.273193,0.177929,0.238198,0.310679,
4,419,0.227605,0.205304,0.288354,0.278737,
4,420,0.171782,0.192910,0.316288,0.319020,
4,421,0.213182,0.187199,0.301446,0.298174,
4,422,0.245092,0.192542,0.289438,0.272928,
4,423,0.192730,0.176924,0.305801,0.324545,
4,424,0.301136,0.139386,0.252268,0.307211,
4,425,0.246359,0.141586,0.226369,0.385686,
4,426,0.197422,0.233015,0.319704,0.249858,
4,427,0.194401,0.219098,0.294732,0.291769,
4,428,0.174289,0.318790,0.271894,0.235027,
4,429,0.227655,0.267872,0.240274,0.264198,
4,430,0.180912,0.235722,0.316541,0.266826,
4,431,0.271993,0.108179,0.283190,0.336638,
4,432,0.211594,0.208642,0.239761,0.340003,
4,433,0.196772,0.155389,0.314932,0.332907,
4,434,0.212121,0.161081,0.287881,0.338917,
4,435,0.158054,0.244422,0.306721,0.290802,
4,436,0.218927,0.169015,0.312484,0.299574,
4,437,0.156810,0.267501,0.317816,0.257873,
4,438,0.246272,0.133252,0.289521,0.330956,
4,439,0.291080,0.113460,0.255850,0.339609,
4,440,0.257115,0.136926,0.277018,0.328940,
4,441,0.234675,0.173834,0.295718,0.295772,
4,442,0.268828,0.108655,0.266928,0.355589,
4,443,0.195239,0.186015,0.345397,0.273349,
4,444,0.239645,0.194941,0.223486,0.341928,
4,445,0.269094,0.110667,0.282704,0.337534,
4,446,0.172628,0.176715,0.303127,0.347529,
4,447,0.284066,0.136836,0.259832,0.319267,
4,448,0.208164,0.138482,0.317838,0.335516,
4,449,0.186763,0.289680,0.271006,0.252550,
4,450,0.253731,0.162479,0.275473,0.308317,
4,451,0.207373,0.166922,0.332577,0.293128,
4,452,0.196397,0.229261,0.285405,0.288937,
4,453,0.244029,0.153124,0.263947,0.338900,
4,454,0.210562,0.115822,0.386898,0.286718,
4,455,0.261049,0.175358,0.258794,0.304799,
4,456,0.200326,0.227636,0.278194,0.293845,
4,457,0.211757,0.203078,0.306970,0.278195,
4,458,0.265527,0.177378,0.291766,0.265329,
4,459,0.144173,0.214506,0.350444,0.290877,
4,460,0.246794,0.186421,0.266004,0.300781,
4,461,0.208338,0.164780,0.335273,0.291610,
4,462,0.264797,0.098206,0.304897,0.332101,
4,463,0.209790,0.229828,0.266196,0.294187,
4,464,0.244699,0.118115,0.363868,0.273317,
4,465,0.296959,0.196414,0.218558,0.288069,
4,466,0.215201,0.174015,0.332713,0.278071,
4,467,0.226584,0.193213,0.260155,0.320047,
4,468,0.256312,0.194647,0.303867,0.245174,
4,469,0.380737,0.148659,0.224155,0.246449,
4,470,0.178339,0.199146,0.323310,0.299205,
4,471,0.246274,0.182243,0.273567,0.297916,
4,472,0.297240,0.161633,0.256212,0.284915,
4,473,0.209511,0.211216,0.260318,0.318955,
4,474,0.221949,0.142498,0.318385,0.317168,
4,475,0.202039,0.171871,0.277441,0.348649,
4,476,0.247897,0.205135,0.251013,0.295954,
4,477,0.287977,0.169277,0.248477,0.294269,
4,478,0.264686,0.113755,0.299807,0.321751,
4,479,0.187930,0.116621,0.274535,0.420914,
4,480,0.204671,0.172635,0.336362,0.286331,
4,481,0.214156,0.156605,0.322610,0.306629,
4,482,0.246367,0.159240,0.301084,0.293309,
4,483,0.191905,0.199586,0.320994,0.287514,
4,484,0.218604,0.223857,0.267286,0.290254,
4,485,0.254447,0.181045,0.304700,0.259808,
4,486,0.196365,0.233198,0.319847,0.250590,
4,487,0.152318,0.248556,0.356478,0.242648,
4,488,0.266216,0.158588,0.233569,0.341626,
4,489,0.313249,0.107201,0.307156,0.272394,
4,490,0.185513,0.243214,0.270742,0.300532,
4,491,0.209606,0.192672,0.227428,0.370294,
4,492,0.210974,0.218069,0.251040,0.319917,
4,493,0.211391,0.219530,0.280380,0.288699,
4,494,0.159309,0.244947,0.336283,0.259462,
4,495,0.213771,0.212316,0.323776,0.250137,
4,496,0.296894,0.225392,0.233802,0.243912,
4,497,0.215596,0.153628,0.292369,0.338407,
4,498,0.204479,0.220598,0.291159,0.283764,
4,499,0.191428,0.246619,0.308655,0.253297,
4,500,0.264884,0.152535,0.268451,0.314130,
4,501,0.194782,0.247159,0.292099,0.265959,
4,502,0.171602,0.250087,0.313819,0.264491,
4,503,0.323686,0.145618,0.275354,0.255342,
4,504,0.229314,0.200701,0.299865,0.270120,
4,505,0.175624,0.259049,0.296254,0.269073,
4,506,0.252708,0.216737,0.264768,0.265786,
4,507,0.248146,0.171986,0.287685,0.292183,
4,508,0.192671,0.225795,0.319757,0.261777,
4,509,0.178484,0.229801,0.308546,0.283169,
4,510,0.187278,0.259817,0.291788,0.261117,
4,511,0.200512,0.243711,0.320467,0.235310,
4,512,0.177949,0.173608,0.256773,0.391670,
4,513,0.198754,0.187648,0.299299,0.314299,
4,514,0.167854,0.211673,0.315147,0.305326,
4,515,0.230127,0.216053,0.324641,0.229179,
4,516,0.220812,0.245568,0.281402,0.252218,
4,517,0.205232,0.205071,0.324384,0.265314,
4,518,0.295540,0.145323,0.234359,0.324777,
4,519,0.290339,0.177582,0.218979,0.313100,
4,520,0.199417,0.231692,0.279735,0.289155,
4,521,0.288112,0.169957,0.241655,0.300277,
4,522,0.223666,0.257402,0.302849,0.216083,
4,523,0.213227,0.163305,0.273361,0.350106,
4,524,0.206297,0.255905,0.307313,0.230486,
4,525,0.189404,0.242681,0.294324,0.273591,
4,526,0.211031,0.233665,0.307579,0.247726,
4,527,0.191085,0.204696,0.347510,0.256708,
4,528,0.146932,0.239102,0.323322,0.290643,
4,529,0.180009,0.220076,0.326808,0.273106,
4,530,0.140249,0.258319,0.331169,0.270263,
4,531,0.236442,0.186041,0.312584,0.264933,
4,532,0.203167,0.114259,0.384986,0.297588,
4,533,0.164467,0.272229,0.295249,0.268055,
4,534,0.216583,0.235941,0.310956,0.236520,
4,535,0.207814,0.223917,0.320270,0.248000,
4,536,0.231405,0.215631,0.258309,0.294655,
4,537,0.258920,0.134582,0.343642,0.262857,
4,538,0.160597,0.242425,0.310151,0.286826,
4,539,0.210978,0.211146,0.264354,0.313522,
4,540,0.210826,0.182090,0.316334,0.290750,
4,541,0.200175,0.239527,0.298542,0.261756,
4,542,0.189695,0.233101,0.284715,0.292490,
4,543,0.264423,0.201806,0.274913,0.258858,
4,544,0.196338,0.216138,0.304537,0.282988,
4,545,0.263516,0.168724,0.284546,0.283214,
4,546,0.197015,0.209325,0.293857,0.299803,
4,547,0.155245,0.204851,0.363418,0.276487,
4,548,0.246829,0.165240,0.312272,0.275659,
4,549,0.177805,0.120403,0.372987,0.328805,
4,550,0.226138,0.099705,0.313726,0.360432,
4,551,0.235192,0.130516,0.306068,0.328225,
4,552,0.197023,0.232731,0.277762,0.292484,
4,553,0.179483,0.200233,0.340029,0.280256,
4,554,0.304073,0.127803,0.281402,0.286722,
4,555,0.204144,0.195211,0.286306,0.314339,
4,556,0.249844,0.195875,0.207262,0.347019,
4,557,0.210142,0.188927,0.305582,0.295349,
4,558,0.180698,0.180025,0.297412,0.341866,
4,559,0.195845,0.297718,0.270751,0.235686,
4,560,0.217461,0.266422,0.274772,0.241344,
4,561,0.178345,0.205186,0.284382,0.332087,
4,562,0.208734,0.180402,0.311451,0.299413,
4,563,0.203664,0.187413,0.280823,0.328100,
4,564,0.244004,0.140145,0.298007,0.317843,
4,565,0.210200,0.197053,0.287192,0.305555,
4,566,0.284113,0.167838,0.212531,0.335518,
4,567,0.262179,0.128761,0.277218,0.331842,
4,568,0.176666,0.252925,0.320595,0.249814,
4,569,0.180913,0.223719,0.335094,0.260274,
4,570,0.165161,0.270182,0.297918,0.266739,
4,571,0.237281,0.152255,0.339203,0.271260,
4,572,0.198620,0.219584,0.355340,0.226456,
4,573,0.399395,0.091463,0.287320,0.221822,
4,574,0.142003,0.274809,0.313273,0.269915,
4,575,0.176576,0.206061,0.328464,0.288899,
4,576,0.291222,0.128314,0.227695,0.352769,
4,577,0.253345,0.146548,0.314021,0.286087,
4,578,0.165204,0.243141,0.345572,0.246083,
4,579,0.284960,0.132343,0.293158,0.289539,
4,580,0.164640,0.377958,0.250362,0.207040,
4,581,0.159163,0.268239,0.314580,0.258018,
4,582,0.231177,0.193667,0.312318,0.262839,
4,583,0.265752,0.226411,0.253675,0.254162,
4,584,0.309976,0.172870,0.214951,0.302203,
4,585,0.266217,0.189752,0.204498,0.339534,
4,586,0.264528,0.127880,0.267051,0.340541,
4,587,0.194021,0.244502,0.311828,0.249649,
4,588,0.145557,0.299230,0.305066,0.250147,
4,589,0.243148,0.223749,0.259592,0.273511,
4,590,0.222521,0.223567,0.333465,0.220446,
4,591,0.188027,0.203825,0.269181,0.338967,
4,592,0.219045,0.181663,0.327476,0.271816,
4,593,0.218641,0.255734,0.278933,0.246692,
4,594,0.227673,0.106792,0.344928,0.320608,
4,595,0.252818,0.191491,0.282011,0.273680,
4,596,0.175370,0.152651,0.302186,0.369792,
4,597,0.200442,0.206170,0.313570,0.279817,
4,598,0.252787,0.170213,0.279806,0.297194,
4,599,0.205566,0.229532,0.293356,0.271546,
4,600,0.171596,0.169338,0.256508,0.402558,
4,601,0.172803,0.282662,0.276329,0.268206,
4,602,0.184772,0.207520,0.323592,0.284116,
4,603,0.133928,0.261590,0.270944,0.333539,
4,604,0.269441,0.094056,0.332592,0.303911,
4,605,0.217842,0.208420,0.254559,0.319180,
4,606,0.233884,0.154090,0.314858,0.297168,
4,607,0.198454,0.133229,0.266935,0.401381,
4,608,0.188636,0.213845,0.328189,0.269330,
4,609,0.198347,0.172735,0.333149,0.295768,
4,610,0.288203,0.181786,0.241781,0.288230,
4,611,0.157791,0.249248,0.322528,0.270433,
4,612,0.203020,0.170992,0.333460,0.292528,
4,613,0.171652,0.203080,0.330506,0.294762,
4,614,0.188845,0.206093,0.338681,0.266381,
4,615,0.195826,0.199155,0.329325,0.275694,
4,616,0.221142,0.174700,0.270610,0.333548,
4,617,0.197440,0.178955,0.327531,0.296073,
4,618,0.240999,0.178976,0.268636,0.311389,
4,619,0.167928,0.260588,0.302167,0.269316,
4,620,0.157878,0.240423,0.308772,0.292926,
4,621,0.163428,0.316920,0.250685,0.268967,
4,622,0.270778,0.179656,0.291604,0.257962,
4,623,0.192667,0.181018,0.303105,0.323210,
4,624,0.209293,0.154592,0.309049,0.327065,
4,625,0.293896,0.123231,0.320253,0.262619,
4,626,0.272078,0.154429,0.251788,0.321705,
4,627,0.352105,0.102029,0.262364,0.283502,
4,628,0.271064,0.199364,0.284581,0.244991,
4,629,0.187740,0.287775,0.261206,0.263280,
4,630,0.180365,0.231653,0.317307,0.270676,
4,631,0.332866,0.114307,0.284687,0.268140,
4,632,0.291110,0.106235,0.218384,0.384271,
4,633,0.201566,0.179209,0.278187,0.341038,
4,634,0.185843,0.218728,0.328186,0.267243,
4,635,0.193868,0.187459,0.305778,0.312895,
4,636,0.208555,0.195697,0.307481,0.288268,
4,637,0.184010,0.244363,0.307462,0.264165,
4,638,0.276065,0.103817,0.207500,0.412618,
4,639,0.276679,0.188097,0.247957,0.287267,
4,640,0.220870,0.196806,0.308075,0.274250,
4,641,0.147221,0.202455,0.330483,0.319841,
4,642,0.193821,0.211703,0.354441,0.240035,
4,643,0.245653,0.202271,0.234516,0.317560,
4,644,0.227869,0.196023,0.345973,0.230135,
4,645,0.206449,0.241456,0.296144,0.255951,
4,646,0.197337,0.184442,0.322931,0.295291,
4,647,0.210735,0.170427,0.270559,0.348279,
4,648,0.180866,0.136493,0.384663,0.297978,
4,649,0.239163,0.144719,0.375407,0.240712,
4,650,0.241066,0.126011,0.361783,0.271140,
4,651,0.236618,0.192243,0.323703,0.247436,
4,652,0.268101,0.175006,0.261064,0.295829,
4,653,0.311083,0.134420,0.297537,0.256960,
4,654,0.199367,0.165343,0.327441,0.307849,
4,655,0.181198,0.216018,0.321367,0.281417,
4,656,0.206293,0.202083,0.313911,0.277713,
4,657,0.199502,0.197608,0.314788,0.288102,
4,658,0.280898,0.117105,0.333200,0.268797,
4,659,0.213098,0.193399,0.288906,0.304597,
4,660,0.224116,0.223734,0.293708,0.258442,
4,661,0.235669,0.187529,0.284046,0.292756,
4,662,0.206594,0.177290,0.274747,0.341369,
4,663,0.177349,0.246846,0.279652,0.296154,
4,664,0.214148,0.174063,0.274686,0.337103,
4,665,0.246263,0.214851,0.280365,0.258520,
4,666,0.177591,0.236861,0.358804,0.226745,
4,667,0.268992,0.172861,0.265329,0.292817,
4,668,0.164964,0.219240,0.290014,0.325782,
4,669,0.231169,0.183142,0.277900,0.307789,
4,670,0.227444,0.193572,0.304428,0.274556,
4,671,0.231506,0.182339,0.296769,0.289386,
4,672,0.285676,0.190817,0.329996,0.193511,
4,673,0.179496,0.287158,0.258037,0.275309,
4,674,0.199212,0.241754,0.257637,0.301398,
4,675,0.234893,0.150267,0.271615,0.343224,
4,676,0.217481,0.154796,0.342974,0.284750,
4,677,0.157313,0.257399,0.302056,0.283232,
4,678,0.287429,0.135486,0.267424,0.309660,
4,679,0.170924,0.222101,0.308344,0.298631,
4,680,0.207611,0.189929,0.314157,0.288303,
4,681,0.244937,0.205839,0.315620,0.233604,
4,682,0.161133,0.291738,0.279693,0.267437,
4,683,0.215276,0.172659,0.236465,0.375600,
4,684,0.249700,0.163479,0.316676,0.270146,
4,685,0.180923,0.166561,0.337877,0.314638,
4,686,0.252230,0.101225,0.253068,0.393477,
4,687,0.254510,0.164305,0.326005,0.255180,
4,688,0.191024,0.219006,0.338665,0.251305,
4,689,0.223973,0.178033,0.216511,0.381483,
4,690,0.222653,0.121596,0.348562,0.307189,
4,691,0.253723,0.196763,0.269054,0.280461,
4,692,0.160751,0.117398,0.334021,0.387830,
4,693,0.169784,0.275385,0.282779,0.272052,
4,694,0.164957,0.239960,0.299048,0.296035,
4,695,0.196401,0.201912,0.265239,0.336447,
4,696,0.180116,0.205122,0.311369,0.303394,
4,697,0.275098,0.157148,0.248068,0.319686,
4,698,0.277919,0.119727,0.282600,0.319753,
4,699,0.176351,0.273630,0.284349,0.265670,
4,700,0.257841,0.153041,0.253255,0.335864,
4,701,0.155667,0.268050,0.299055,0.277228,
4,702,0.226619,0.247287,0.300306,0.225788,
4,703,0.283190,0.122886,0.251505,0.342419,
4,704,0.195864,0.240652,0.290892,0.272592,
4,705,0.200886,0.199390,0.293275,0.306449,
4,706,0.311236,0.153009,0.219779,0.315977,
4,707,0.286081,0.150156,0.260385,0.303378,
4,708,0.203168,0.168822,0.304637,0.323373,
4,709,0.230411,0.188734,0.271453,0.309403,
4,710,0.297376,0.143306,0.272066,0.287252,
4,711,0.184536,0.282703,0.283058,0.249703,
4,712,0.242229,0.177020,0.304941,0.275811,
4,713,0.263395,0.232960,0.275793,0.227852,
4,714,0.144936,0.270346,0.282904,0.301814,
4,715,0.191928,0.195745,0.284165,0.328162,
4,716,0.203207,0.275420,0.248676,0.272697,
4,717,0.176375,0.261658,0.289629,0.272339,
4,718,0.188366,0.196317,0.282663,0.332654,
4,719,0.190608,0.191582,0.266449,0.351360,
4,720,0.184966,0.237382,0.329867,0.247784,
4,721,0.288353,0.119731,0.311061,0.280855,
4,722,0.182384,0.267297,0.327062,0.223256,
4,723,0.185372,0.188152,0.251064,0.375412,
4,724,0.234346,0.196771,0.300856,0.268026,
4,725,0.198043,0.258937,0.328208,0.214812,
4,726,0.259132,0.217802,0.270955,0.252111,
4,727,0.243059,0.232591,0.282993,0.241357,
4,728,0.185963,0.226677,0.310652,0.276708,
4,729,0.198881,0.149256,0.318445,0.333418,
4,730,0.177368,0.179765,0.372386,0.270481,
4,731,0.188842,0.207053,0.301966,0.302139,
4,732,0.173235,0.237511,0.341768,0.247486,
4,733,0.255830,0.184067,0.254881,0.305222,
4,734,0.202588,0.197789,0.341565,0.258058,
4,735,0.186970,0.305301,0.260355,0.247374,
4,736,0.307784,0.174211,0.253881,0.264125,
4,737,0.172948,0.217333,0.354862,0.254857,
4,738,0.151449,0.182605,0.327301,0.338645,
4,739,0.210056,0.207020,0.298470,0.284454,
4,740,0.339103,0.129678,0.239198,0.292021,
4,741,0.189583,0.221741,0.286838,0.301838,
4,742,0.282581,0.121265,0.275411,0.320743,
4,743,0.203298,0.216189,0.284374,0.296139,
4,744,0.176007,0.265271,0.352269,0.206453,
4,745,0.216911,0.123379,0.352578,0.307132,
4,746,0.200913,0.209909,0.247052,0.342126,
4,747,0.179504,0.198464,0.360701,0.261331,
4,748,0.245789,0.190178,0.291639,0.272395,
4,749,0.230633,0.216160,0.334814,0.218393,
4,750,0.316101,0.112188,0.267159,0.304551,
4,751,0.221268,0.226899,0.215505,0.336328,
4,752,0.185759,0.198793,0.287970,0.327478,
4,753,0.269172,0.113992,0.280536,0.336301,
4,754,0.188183,0.215064,0.293099,0.303655,
4,755,0.196438,0.210532,0.290792,0.302237,
4,756,0.369687,0.121250,0.246376,0.262687,
4,757,0.199409,0.197787,0.297091,0.305714,
4,758,0.183171,0.255665,0.303655,0.257509,
4,759,0.264726,0.132547,0.253231,0.349496,
4,760,0.191260,0.181282,0.319072,0.308386,
4,761,0.161711,0.206605,0.336394,0.295290,
4,762,0.247069,0.212059,0.258667,0.282205,
4,763,0.270870,0.147267,0.273675,0.308188,
4,764,0.254875,0.151751,0.253117,0.340258,
4,765,0.184794,0.158392,0.295797,0.361017,
4,766,0.240769,0.238452,0.246780,0.274000,
4,767,0.163781,0.190398,0.284180,0.361641,
4,768,0.235257,0.147886,0.275126,0.341732,
4,769,0.214167,0.166095,0.323866,0.295873,
4,770,0.275628,0.206414,0.231901,0.286057,
4,771,0.209024,0.175315,0.348955,0.266706,
4,772,0.167673,0.270243,0.300330,0.261754,
4,773,0.268002,0.115870,0.296881,0.319248,
4,774,0.206535,0.184174,0.267145,0.342146,
4,775,0.208919,0.117049,0.394207,0.279825,
4,776,0.166184,0.245850,0.327919,0.260047,
4,777,0.256774,0.157375,0.313840,0.272010,
4,778,0.139844,0.254496,0.314640,0.291020,
4,779,0.204749,0.186633,0.338899,0.269718,
4,780,0.163419,0.277518,0.336176,0.222886,
4,781,0.226010,0.197218,0.298822,0.277950,
4,782,0.215547,0.231272,0.301559,0.251621,
4,783,0.251459,0.160984,0.267084,0.320473,
4,784,0.192281,0.239075,0.306486,0.262158,
4,785,0.281565,0.159716,0.269823,0.288896,
4,786,0.203972,0.137402,0.293787,0.364840,
4,787,0.194726,0.166012,0.328863,0.310399,
4,788,0.268105,0.195959,0.283908,0.252029,
4,789,0.175088,0.214545,0.317710,0.292658,
4,790,0.214758,0.202879,0.269649,0.312714,
4,791,0.244450,0.228242,0.271354,0.255953,
4,792,0.302486,0.214226,0.239047,0.244240,
4,793,0.177380,0.139567,0.280097,0.402956,
4,794,0.200536,0.187782,0.238728,0.372954,
4,795,0.274038,0.196178,0.262938,0.266847,
4,796,0.200747,0.166576,0.272600,0.360077,
4,797,0.226937,0.136069,0.223086,0.413908,
4,798,0.299285,0.160522,0.234651,0.305542,
4,799,0.184579,0.134458,0.281427,0.399537,
4,800,0.236855,0.220434,0.287779,0.254933,
4,801,0.216355,0.184547,0.261511,0.337587,
4,802,0.264782,0.142135,0.327236,0.265848,
4,803,0.233722,0.238791,0.238291,0.289196,
4,804,0.220623,0.159573,0.272232,0.347572,
4,805,0.173675,0.155282,0.319050,0.351993,
4,806,0.226055,0.187408,0.231524,0.355013,
4,807,0.224753,0.195400,0.230335,0.349511,
4,808,0.238120,0.195893,0.262368,0.303618,
4,809,0.199371,0.121979,0.374822,0.303828,
4,810,0.165799,0.275022,0.303791,0.255387,
4,811,0.216992,0.232595,0.300604,0.249809,
4,812,0.195167,0.160928,0.285707,0.358198,
4,813,0.196342,0.221243,0.288672,0.293743,
4,814,0.207340,0.192882,0.288576,0.311202,
4,815,0.195578,0.223818,0.321621,0.258984,
4,816,0.153790,0.170793,0.402823,0.272595,
4,817,0.174151,0.175315,0.289526,0.361008,
4,818,0.221859,0.237988,0.286264,0.253889,
4,819,0.206079,0.189236,0.259106,0.345578,
4,820,0.283955,0.175127,0.254581,0.286337,
4,821,0.352602,0.111648,0.238750,0.296999,
4,822,0.288779,0.220069,0.271910,0.219243,
4,823,0.196251,0.207153,0.307742,0.288855,
4,824,0.211142,0.250421,0.296411,0.242025,
4,825,0.219372,0.195610,0.279690,0.305327,
4,826,0.180325,0.242391,0.303820,0.273463,
4,827,0.181463,0.283845,0.289439,0.245253,
4,828,0.184119,0.223608,0.296767,0.295506,
4,829,0.173669,0.219252,0.373119,0.233960,
4,830,0.228342,0.219237,0.295366,0.257055,
4,831,0.165604,0.244074,0.314259,0.276063,
4,832,0.161161,0.219942,0.349400,0.269497,
4,833,0.201449,0.242020,0.286577,0.269953,
4,834,0.218235,0.215179,0.310306,0.256281,
4,835,0.180475,0.243684,0.285002,0.290839,
4,836,0.220983,0.162927,0.351398,0.264692,
4,837,0.289838,0.186563,0.293281,0.230319,
4,838,0.232582,0.161878,0.289417,0.316123,
4,839,0.206985,0.205633,0.312491,0.274892,
4,840,0.186200,0.257143,0.277133,0.279524,
4,841,0.159117,0.191131,0.353360,0.296391,
4,842,0.208267,0.166394,0.282271,0.343068,
4,843,0.233898,0.186990,0.278748,0.300364,
4,844,0.274554,0.116914,0.285308,0.323223,
4,845,0.200530,0.181520,0.353946,0.264004,
4,846,0.232447,0.192714,0.295533,0.279306,
4,847,0.181861,0.260152,0.323460,0.234527,
4,848,0.209039,0.222520,0.313319,0.255122,
4,849,0.160892,0.255588,0.335701,0.247819,
4,850,0.234675,0.193782,0.296850,0.274692,
4,851,0.229947,0.146043,0.280617,0.343393,
4,852,0.211483,0.194224,0.271897,0.322396,
4,853,0.200189,0.188223,0.255247,0.356341,
4,854,0.151804,0.258937,0.294020,0.295238,
4,855,0.248609,0.154179,0.274493,0.322719,
4,856,0.169067,0.194684,0.315424,0.320825,
4,857,0.201392,0.219804,0.268585,0.310220,
4,858,0.194461,0.152588,0.297804,0.355147,
4,859,0.161269,0.210738,0.304928,0.323065,
4,860,0.269632,0.189277,0.229601,0.311490,
4,861,0.192480,0.229613,0.305537,0.272371,
4,862,0.218596,0.096858,0.286948,0.397598,
4,863,0.209246,0.207241,0.329058,0.254455,
4,864,0.229541,0.197545,0.313314,0.259600,
4,865,0.219941,0.202409,0.311253,0.266396,
4,866,0.281980,0.108639,0.326468,0.282914,
4,867,0.224608,0.198159,0.306483,0.270749,
4,868,0.179971,0.218148,0.247020,0.354861,
4,869,0.188966,0.253138,0.298729,0.259167,
4,870,0.255133,0.114746,0.300733,0.329388,
4,871,0.204260,0.229000,0.302349,0.264391,
4,872,0.270612,0.229045,0.258129,0.242214,
4,873,0.227270,0.195051,0.301730,0.275949,
4,874,0.254017,0.117626,0.314082,0.314275,
4,875,0.243251,0.206265,0.270863,0.279621,
4,876,0.208689,0.200710,0.298835,0.291766,
4,877,0.351721,0.112722,0.270350,0.265207,
4,878,0.281979,0.124472,0.256271,0.337278,
4,879,0.209673,0.213463,0.323321,0.253543,
4,880,0.154666,0.283693,0.299703,0.261939,
4,881,0.173665,0.227966,0.269213,0.329157,
4,882,0.249214,0.236115,0.247473,0.267198,
4,883,0.283323,0.121487,0.283528,0.311662,
4,884,0.217552,0.210764,0.257037,0.314647,
4,885,0.222482,0.239179,0.308670,0.229669,
4,886,0.162151,0.240130,0.356930,0.240789,
4,887,0.170323,0.186588,0.291639,0.351450,
4,888,0.198102,0.119956,0.431569,0.250373,
4,889,0.254007,0.180658,0.312899,0.252436,
4,890,0.185834,0.284911,0.300637,0.228619,
4,891,0.330984,0.207718,0.209031,0.252267,
4,892,0.203084,0.225225,0.231024,0.340668,
4,893,0.190900,0.219306,0.336902,0.252892,
4,894,0.223136,0.160248,0.271823,0.344792,
4,895,0.315687,0.136268,0.282536,0.265509,
4,896,0.197674,0.155299,0.305845,0.341182,
4,897,0.235180,0.194664,0.285958,0.284198,
4,898,0.369797,0.123361,0.239143,0.267699,
4,899,0.323495,0.156557,0.239146,0.280803,
4,900,0.242985,0.205848,0.284252,0.266915,
4,901,0.181624,0.229378,0.313214,0.275783,
4,902,0.261917,0.159799,0.245441,0.332843,
4,903,0.208183,0.210360,0.313983,0.267474,
4,904,0.282239,0.171697,0.255046,0.291018,
4,905,0.227293,0.175679,0.258084,0.338944,
4,906,0.216864,0.223221,0.314917,0.244997,
4,907,0.181197,0.159320,0.359413,0.300070,
4,908,0.220428,0.180144,0.321678,0.277750,
4,909,0.212842,0.196794,0.249885,0.340479,
4,910,0.239199,0.221633,0.282379,0.256789,
4,911,0.290235,0.228234,0.273156,0.208375,
4,912,0.208355,0.199665,0.263541,0.328439,
4,913,0.225316,0.203200,0.269125,0.302359,
4,914,0.241295,0.150368,0.299783,0.308553,
4,915,0.229816,0.294455,0.220915,0.254814,
4,916,0.201523,0.190455,0.345620,0.262402,
4,917,0.267010,0.163320,0.241595,0.328075,
4,918,0.161153,0.227659,0.287710,0.323477,
4,919,0.196073,0.258057,0.295411,0.250458,
4,920,0.220035,0.129453,0.355516,0.294996,
4,921,0.220348,0.212816,0.225614,0.341221,
4,922,0.229367,0.131962,0.332500,0.306170,
4,923,0.214830,0.193443,0.226771,0.364956,
4,924,0.176799,0.263982,0.299284,0.259935,
4,925,0.171826,0.237965,0.277704,0.312506,
4,926,0.220834,0.230123,0.261144,0.287899,
4,927,0.157726,0.294854,0.332942,0.214477,
4,928,0.230800,0.197650,0.294522,0.277027,
4,929,0.187211,0.259858,0.305438,0.247494,
4,930,0.207992,0.190156,0.316550,0.285302,
4,931,0.211868,0.186952,0.258765,0.342416,
4,932,0.214276,0.251371,0.260043,0.274309,
4,933,0.221787,0.207246,0.255021,0.315945,
4,934,0.253297,0.107803,0.248555,0.390345,
4,935,0.187110,0.243871,0.289973,0.279046,
4,936,0.188826,0.168670,0.377360,0.265145,
4,937,0.213996,0.171155,0.272811,0.342038,
4,938,0.175978,0.099315,0.458148,0.266559,
4,939,0.175168,0.238933,0.269677,0.316222,
4,940,0.221817,0.216958,0.260268,0.300958,
4,941,0.236108,0.135018,0.244232,0.384643,
4,942,0.210071,0.217102,0.300233,0.272594,
4,943,0.182913,0.164765,0.307753,0.344569,
4,944,0.135299,0.126990,0.309888,0.427824,
4,945,0.181627,0.259042,0.300363,0.258968,
4,946,0.155324,0.241469,0.349619,0.253588,
4,947,0.221909,0.147899,0.356357,0.273836,
4,948,0.249331,0.088307,0.254033,0.408329,
4,949,0.253045,0.215118,0.251193,0.280644,
4,950,0.149249,0.288097,0.330782,0.231871,
4,951,0.194846,0.214257,0.283846,0.307051,
4,952,0.175083,0.211222,0.325630,0.288065,
4,953,0.157205,0.222377,0.299552,0.320866,
4,954,0.185217,0.239486,0.371566,0.203732,
4,955,0.166933,0.293784,0.266638,0.272646,
4,956,0.225882,0.211611,0.304940,0.257568,
4,957,0.179067,0.191225,0.262354,0.367353,
4,958,0.240471,0.193263,0.278900,0.287366,
4,959,0.194665,0.219457,0.314905,0.270972,
4,960,0.198207,0.166950,0.261203,0.373640,
4,961,0.212078,0.213124,0.258726,0.316071,
4,962,0.220727,0.162595,0.339056,0.277622,
4,963,0.191281,0.185973,0.303956,0.318789,
4,964,0.251145,0.198861,0.288327,0.261667,
4,965,0.149321,0.188493,0.248305,0.413880,
4,966,0.228419,0.198366,0.257875,0.315340,
4,967,0.210528,0.121376,0.299542,0.368554,
4,968,0.223313,0.199335,0.287831,0.289521,
4,969,0.173064,0.251427,0.285830,0.289679,
4,970,0.218972,0.177185,0.348516,0.255326,
4,971,0.195217,0.267536,0.329422,0.207825,
4,972,0.272375,0.162217,0.320091,0.245318,
4,973,0.204834,0.298384,0.261585,0.235196,
4,974,0.163161,0.259279,0.302833,0.274727,
4,975,0.236967,0.142176,0.250724,0.370132,
4,976,0.277323,0.235099,0.258235,0.229342,
4,977,0.221550,0.182428,0.281215,0.314807,
4,978,0.288770,0.176685,0.260427,0.274118,
4,979,0.218253,0.221458,0.233401,0.326887,
4,980,0.220924,0.170921,0.299225,0.308929,
4,981,0.139538,0.255138,0.329617,0.275706,
4,982,0.195748,0.173280,0.289358,0.341614,
4,983,0.243753,0.184706,0.297387,0.274155,
4,984,0.203456,0.196734,0.312353,0.287456,
4,985,0.180862,0.189826,0.356577,0.272735,
4,986,0.145032,0.256873,0.304053,0.294043,
4,987,0.175750,0.242202,0.327852,0.254196,
4,988,0.213389,0.183195,0.317130,0.286285,
4,989,0.172363,0.239069,0.272510,0.316058,
4,990,0.214302,0.134914,0.314221,0.336564,
4,991,0.202037,0.151922,0.314741,0.331300,
4,992,0.215712,0.226884,0.301981,0.255423,
4,993,0.178071,0.240349,0.293255,0.288325,
4,994,0.186928,0.121098,0.422970,0.269004,
4,995,0.220352,0.182602,0.319522,0.277524,
4,996,0.159424,0.200856,0.385039,0.254681,
4,997,0.164545,0.317621,0.245333,0.272500,
4,998,0.285572,0.167650,0.267466,0.279313,
4,999,0.219840,0.214064,0.293692,0.272405,
4,1000,0.264063,0.209207,0.269322,0.257408,
4,1001,0.310085,0.160862,0.249678,0.279375,
4,1002,0.216880,0.161697,0.259139,0.362284,
4,1003,0.266985,0.147105,0.320689,0.265222,
4,1004,0.182606,0.234907,0.297233,0.285254,
4,1005,0.166042,0.265805,0.301390,0.266764,
4,1006,0.186891,0.270354,0.314156,0.228599,
4,1007,0.218008,0.180444,0.268301,0.333247,
4,1008,0.187332,0.200656,0.278907,0.333105,
4,1009,0.237309,0.202769,0.317047,0.242874,
4,1010,0.249395,0.180331,0.273802,0.296472,
4,1011,0.173388,0.151471,0.349652,0.325489,
4,1012,0.247634,0.131233,0.296286,0.324846,
4,1013,0.187437,0.265366,0.262422,0.284776,
4,1014,0.231141,0.174655,0.328509,0.265695,
4,1015,0.199148,0.225806,0.260395,0.314650,
4,1016,0.211569,0.176577,0.278387,0.333466,
4,1017,0.278514,0.187111,0.249808,0.284567,
4,1018,0.225557,0.172392,0.348773,0.253277,
4,1019,0.288468,0.109551,0.288866,0.313116,
4,1020,0.258613,0.157492,0.286302,0.297593,
4,1021,0.215456,0.165407,0.288006,0.331130,
4,1022,0.203869,0.230488,0.341237,0.224406,
4,1023,0.248112,0.161347,0.265807,0.324734,
4,1024,0.212014,0.224012,0.272616,0.291358,
4,1025,0.219873,0.165566,0.335221,0.279340,
4,1026,0.192924,0.204597,0.244802,0.357677,
4,1027,0.192745,0.250976,0.291904,0.264375,
4,1028,0.216038,0.143494,0.338210,0.302258,
4,1029,0.302882,0.140606,0.268351,0.288161,
4,1030,0.230630,0.201437,0.253716,0.314217,
4,1031,0.292172,0.160172,0.290847,0.256808,
4,1032,0.187574,0.270148,0.288817,0.253462,
4,1033,0.273794,0.134766,0.253786,0.337654,
4,1034,0.283147,0.200222,0.261119,0.255512,
4,1035,0.224824,0.212208,0.291536,0.271431,
4,1036,0.238191,0.196616,0.292835,0.272358,
4,1037,0.248528,0.151037,0.202590,0.397845,
4,1038,0.194896,0.277928,0.303232,0.223945,
4,1039,0.265033,0.144818,0.267014,0.323136,
4,1040,0.186344,0.245865,0.272461,0.295330,
4,1041,0.261755,0.201722,0.235024,0.301499,
4,1042,0.219997,0.168350,0.324483,0.287170,
4,1043,0.200714,0.163622,0.383015,0.252649,
4,1044,0.215565,0.250053,0.270175,0.264207,
4,1045,0.223708,0.132876,0.304924,0.338493,
4,1046,0.225849,0.159279,0.350894,0.263978,
4,1047,0.200022,0.207901,0.249052,0.343025,
4,1048,0.228835,0.214209,0.279358,0.277598,
4,1049,0.214624,0.247440,0.244165,0.293772,
4,1050,0.284471,0.137559,0.219833,0.358137,
4,1051,0.193031,0.202977,0.308562,0.295430,
4,1052,0.164483,0.322623,0.260415,0.252479,
4,1053,0.181644,0.211980,0.316524,0.289852,
4,1054,0.196084,0.343099,0.256436,0.204381,
4,1055,0.211509,0.119615,0.403172,0.265704,
4,1056,0.219349,0.125972,0.340198,0.314481,
4,1057,0.241162,0.173802,0.306903,0.278133,
4,1058,0.246153,0.191703,0.214703,0.347441,
4,1059,0.255849,0.191524,0.283740,0.268887,
4,1060,0.205795,0.161708,0.263282,0.369215,
4,1061,0.219835,0.234458,0.276510,0.269197,
4,1062,0.235618,0.187281,0.313900,0.263201,
4,1063,0.197391,0.243407,0.314167,0.245035,
4,1064,0.216044,0.190386,0.321180,0.272390,
4,1065,0.246812,0.168280,0.315768,0.269140,
4,1066,0.203377,0.139588,0.281684,0.375351,
4,1067,0.203658,0.220534,0.283877,0.291931,
4,1068,0.199952,0.214651,0.312272,0.273125,
4,1069,0.191811,0.189835,0.315474,0.302880,
4,1070,0.273845,0.160096,0.258962,0.307096,
4,1071,0.193220,0.193751,0.280008,0.333021,
4,1072,0.187020,0.190374,0.323254,0.299352,
4,1073,0.210203,0.261981,0.269283,0.258533,
4,1074,0.207841,0.228538,0.295919,0.267702,
4,1075,0.212334,0.125894,0.348748,0.313024,
4,1076,0.188936,0.188205,0.292888,0.329971,
4,1077,0.280190,0.199440,0.284874,0.235496,
4,1078,0.284824,0.158829,0.262739,0.293608,
4,1079,0.231028,0.148380,0.242183,0.378409,
4,1080,0.260184,0.123085,0.295529,0.321202,
4,1081,0.184216,0.180548,0.318032,0.317203,
4,1082,0.190104,0.216846,0.281347,0.311703,
4,1083,0.258890,0.171095,0.246821,0.323195,
4,1084,0.243925,0.199876,0.269523,0.286677,
4,1085,0.207817,0.156403,0.343906,0.291875,
4,1086,0.192300,0.245681,0.316275,0.245745,
4,1087,0.228150,0.208480,0.247866,0.315504,
4,1088,0.208194,0.166183,0.337981,0.287643,
4,1089,0.191574,0.121993,0.284731,0.401701,
4,1090,0.205739,0.210929,0.261827,0.321505,
4,1091,0.274257,0.114412,0.273027,0.338304,
4,1092,0.280205,0.144352,0.206049,0.369394,
4,1093,0.201841,0.159582,0.275195,0.363383,
4,1094,0.242085,0.185433,0.278429,0.294053,
4,1095,0.251728,0.171184,0.267243,0.309845,
4,1096,0.208558,0.173027,0.298565,0.319850,
4,1097,0.244189,0.160073,0.242829,0.352910,
4,1098,0.256115,0.175664,0.287076,0.281145,
4,1099,0.231460,0.109756,0.252785,0.405999,
4,1100,0.184924,0.245605,0.319733,0.249739,
4,1101,0.191214,0.197580,0.340727,0.270478,
4,1102,0.295683,0.144712,0.199486,0.360119,
4,1103,0.258012,0.126079,0.299990,0.315918,
4,1104,0.238602,0.204026,0.283515,0.273857,
4,1105,0.176955,0.127869,0.368128,0.327048,
4,1106,0.239108,0.187104,0.309951,0.263837,
4,1107,0.208501,0.175410,0.257909,0.358180,
4,1108,0.158005,0.301100,0.282551,0.258344,
4,1109,0.187186,0.237090,0.340256,0.235469,
4,1110,0.182548,0.193266,0.254194,0.369992,
4,1111,0.178660,0.223334,0.307945,0.290061,
4,1112,0.199539,0.190668,0.252327,0.357466,
4,1113,0.256824,0.131832,0.338772,0.272573,
4,1114,0.255688,0.142934,0.296631,0.304748,
4,1115,0.274078,0.225482,0.207974,0.292466,
4,1116,0.199682,0.246443,0.268095,0.285780,
4,1117,0.190719,0.110461,0.379815,0.319005,
4,1118,0.244194,0.191554,0.322329,0.241924,
4,1119,0.157690,0.186404,0.290129,0.365777,
4,1120,0.279145,0.156896,0.201314,0.362646,
4,1121,0.182630,0.249649,0.254796,0.312924,
4,1122,0.231166,0.169137,0.285531,0.314166,
4,1123,0.238784,0.219914,0.222964,0.318338,
4,1124,0.156509,0.291507,0.307893,0.244091,
4,1125,0.197204,0.124206,0.395943,0.282647,
4,1126,0.159810,0.190712,0.310502,0.338975,
4,1127,0.140545,0.235709,0.286714,0.337033,
4,1128,0.313216,0.128512,0.249522,0.308749,
4,1129,0.228273,0.188159,0.236578,0.346991,
4,1130,0.304671,0.159662,0.232285,0.303382,
4,1131,0.187703,0.170830,0.296428,0.345040,
4,1132,0.179317,0.292242,0.296003,0.232437,
4,1133,0.188236,0.262654,0.331040,0.218070,
4,1134,0.227097,0.231718,0.288703,0.252482,
4,1135,0.235396,0.203859,0.257971,0.302775,
4,1136,0.208862,0.210041,0.251676,0.329421,
4,1137,0.318346,0.117130,0.251177,0.313347,
4,1138,0.224651,0.193532,0.342693,0.239123,
4,1139,0.199730,0.207064,0.240104,0.353102,
4,1140,0.233888,0.217093,0.278599,0.270420,
4,1141,0.231946,0.179821,0.273647,0.314586,
4,1142,0.224592,0.155733,0.268488,0.351188,
4,1143,0.242745,0.193829,0.284465,0.278962,
4,1144,0.295522,0.108613,0.219816,0.376050,
4,1145,0.260611,0.181425,0.246506,0.311459,
4,1146,0.242368,0.162277,0.275660,0.319695,
4,1147,0.268514,0.108606,0.327393,0.295487,
4,1148,0.244824,0.213548,0.267120,0.274508,
4,1149,0.195571,0.239231,0.326569,0.238629,
4,1150,0.231995,0.114068,0.304322,0.349615,
4,1151,0.218053,0.217107,0.304465,0.260375,
4,1152,0.157643,0.230588,0.312070,0.299699,
4,1153,0.228169,0.233947,0.296424,0.241460,
4,1154,0.213786,0.189705,0.307327,0.289182,
4,1155,0.268019,0.181395,0.247193,0.303392,
4,1156,0.256084,0.129517,0.246298,0.368101,
4,1157,0.281203,0.125811,0.272112,0.320874,
4,1158,0.255841,0.159614,0.244449,0.340097,
4,1159,0.225611,0.108304,0.357081,0.309004,
4,1160,0.206780,0.186056,0.289492,0.317672,
4,1161,0.166824,0.319898,0.276700,0.236577,
4,1162,0.253987,0.197477,0.304587,0.243949,
4,1163,0.205124,0.109781,0.321149,0.363946,
4,1164,0.184679,0.238640,0.315524,0.261158,
4,1165,0.343020,0.167467,0.213342,0.276171,
4,1166,0.157185,0.114303,0.402831,0.325681,
4,1167,0.251438,0.237910,0.279758,0.230894,
4,1168,0.158452,0.244892,0.320634,0.276021,
4,1169,0.308439,0.116448,0.272071,0.303043,
4,1170,0.175917,0.268504,0.311230,0.244348,
4,1171,0.186006,0.153478,0.311754,0.348763,
4,1172,0.229154,0.184000,0.322269,0.264577,
4,1173,0.172915,0.137401,0.290890,0.398794,
4,1174,0.179407,0.252814,0.308236,0.259543,
4,1175,0.230633,0.173496,0.277127,0.318743,
4,1176,0.322374,0.150647,0.266171,0.260807,
4,1177,0.189490,0.196440,0.303971,0.310099,
4,1178,0.210831,0.213785,0.351084,0.224300,
4,1179,0.218807,0.218291,0.236205,0.326697,
4,1180,0.237908,0.153634,0.300885,0.307573,
4,1181,0.279049,0.131177,0.313671,0.276103,
4,1182,0.215174,0.105536,0.317769,0.361520,
4,1183,0.274422,0.202454,0.284442,0.238683,
4,1184,0.265182,0.198600,0.252203,0.284014,
4,1185,0.197346,0.191607,0.290221,0.320827,
4,1186,0.219496,0.225896,0.300543,0.254064,
4,1187,0.188725,0.170211,0.266402,0.374663,
4,1188,0.255795,0.078792,0.386287,0.279127,
4,1189,0.211921,0.145403,0.302068,0.340608,
4,1190,0.204668,0.208733,0.332071,0.254528,
4,1191,0.204138,0.196363,0.334887,0.264612,
4,1192,0.195005,0.250844,0.291138,0.263013,
4,1193,0.229765,0.194762,0.338208,0.237265,
4,1194,0.260990,0.164842,0.333536,0.240631,
4,1195,0.218136,0.097603,0.388869,0.295392,
4,1196,0.224771,0.182901,0.321862,0.270466,
4,1197,0.154117,0.235170,0.262546,0.348167,
4,1198,0.211892,0.174948,0.298303,0.314858,
4,1199,0.231914,0.201045,0.260801,0.306240,
4,1200,0.196944,0.268850,0.322960,0.211246,
4,1201,0.222981,0.184822,0.255097,0.337099,
4,1202,0.219723,0.168810,0.344758,0.266709,
4,1203,0.322046,0.131774,0.264498,0.281682,
4,1204,0.247591,0.181966,0.270831,0.299612,
4,1205,0.182616,0.231510,0.332371,0.253502,
4,1206,0.261059,0.164118,0.297769,0.277054,
4,1207,0.179036,0.235814,0.339576,0.245574,
4,1208,0.171873,0.221415,0.309834,0.296877,
4,1209,0.182095,0.199443,0.292228,0.326235,
4,1210,0.223442,0.183395,0.327347,0.265816,
4,1211,0.261541,0.124461,0.238671,0.375326,
4,1212,0.277724,0.136148,0.320720,0.265409,
4,1213,0.211887,0.265395,0.283340,0.239378,
4,1214,0.252417,0.169795,0.246568,0.331220,
4,1215,0.166579,0.137505,0.410678,0.285237,
4,1216,0.219419,0.237412,0.279781,0.263388,
4,1217,0.194062,0.194486,0.288612,0.322839,
4,1218,0.171941,0.257934,0.319487,0.250638,
4,1219,0.204087,0.205670,0.323157,0.267086,
4,1220,0.223339,0.219783,0.261316,0.295562,
4,1221,0.221094,0.219107,0.307740,0.252060,
4,1222,0.168382,0.218891,0.326987,0.285740,
4,1223,0.226053,0.191102,0.290550,0.292295,
4,1224,0.203067,0.154272,0.328717,0.313944,
4,1225,0.262912,0.103775,0.261536,0.371778,
4,1226,0.253162,0.174261,0.316508,0.256069,
4,1227,0.302238,0.137623,0.251413,0.308726,
4,1228,0.198255,0.285249,0.259201,0.257295,
4,1229,0.206569,0.174234,0.347864,0.271332,
4,1230,0.185338,0.237220,0.289624,0.287818,
4,1231,0.294365,0.114694,0.246873,0.344068,
4,1232,0.214198,0.180632,0.339434,0.265735,
4,1233,0.179903,0.264544,0.272072,0.283481,
4,1234,0.216751,0.183467,0.271402,0.328380,
4,1235,0.255486,0.215026,0.294193,0.235295,
4,1236,0.198515,0.249200,0.300936,0.251349,
4,1237,0.208235,0.197739,0.332528,0.261499,
4,1238,0.169606,0.181684,0.301835,0.346874,
4,1239,0.161640,0.191728,0.343245,0.303387,
4,1240,0.167029,0.210350,0.303084,0.319538,
4,1241,0.245183,0.222478,0.286634,0.245706,
4,1242,0.204810,0.237804,0.309375,0.248011,
4,1243,0.201681,0.202687,0.297330,0.298302,
4,1244,0.255435,0.169462,0.258618,0.316486,
4,1245,0.200671,0.319910,0.279795,0.199625,
4,1246,0.272448,0.161796,0.262924,0.302832,
4,1247,0.240117,0.192568,0.298259,0.269056,
4,1248,0.260586,0.132682,0.277211,0.329521,
4,1249,0.195101,0.208662,0.282916,0.313321,
4,1250,0.219117,0.197107,0.273915,0.309861,
4,1251,0.199177,0.171450,0.268809,0.360564,
4,1252,0.165313,0.203665,0.319211,0.311810,
4,1253,0.272510,0.164394,0.234020,0.329076,
4,1254,0.160955,0.168840,0.346366,0.323839,
4,1255,0.321798,0.113262,0.254557,0.310383,
4,1256,0.241063,0.204002,0.238212,0.316723,
4,1257,0.248476,0.149737,0.303811,0.297976,
4,1258,0.205298,0.206191,0.310773,0.277738,
4,1259,0.209229,0.199962,0.332829,0.257981,
4,1260,0.190061,0.284540,0.284265,0.241134,
4,1261,0.182623,0.163865,0.296870,0.356641,
4,1262,0.221004,0.146660,0.332127,0.300209,
4,1263,0.244459,0.135795,0.253193,0.366553,
4,1264,0.185331,0.176248,0.291021,0.347400,
4,1265,0.154906,0.217552,0.401661,0.225881,
4,1266,0.193144,0.245920,0.317740,0.243196,
4,1267,0.235755,0.168367,0.254702,0.341175,
4,1268,0.176824,0.118690,0.434858,0.269628,
4,1269,0.224464,0.198283,0.308722,0.268532,
4,1270,0.282509,0.227338,0.248426,0.241727,
4,1271,0.245481,0.186998,0.264760,0.302761,
4,1272,0.257225,0.221412,0.238401,0.282962,
4,1273,0.178233,0.146150,0.365254,0.310364,
4,1274,0.222427,0.166172,0.303779,0.307622,
4,1275,0.187151,0.180517,0.267040,0.365292,
4,1276,0.187186,0.239320,0.246844,0.326649,
4,1277,0.226495,0.182615,0.276564,0.314326,
4,1278,0.201145,0.179542,0.317774,0.301539,
4,1279,0.191064,0.185804,0.386310,0.236821,
4,1280,0.211956,0.218016,0.295589,0.274439,
4,1281,0.233454,0.189925,0.266595,0.310026,
4,1282,0.236775,0.166806,0.242308,0.354112,
4,1283,0.168808,0.279726,0.303712,0.247755,
4,1284,0.237244,0.209529,0.282324,0.270903,
4,1285,0.187356,0.189029,0.296615,0.326999,
4,1286,0.162414,0.243967,0.326353,0.267266,
4,1287,0.184211,0.212896,0.359189,0.243704,
4,1288,0.241403,0.195899,0.274245,0.288454,
4,1289,0.226604,0.175735,0.299891,0.297770,
4,1290,0.186210,0.202387,0.347681,0.263723,
4,1291,0.216089,0.220911,0.266650,0.296350,
4,1292,0.244318,0.179604,0.327423,0.248656,
4,1293,0.206079,0.221372,0.297790,0.274758,
4,1294,0.187630,0.272078,0.319156,0.221136,
4,1295,0.286096,0.102348,0.313406,0.298149,
4,1296,0.205035,0.172562,0.313494,0.308909,
4,1297,0.198065,0.271944,0.256081,0.273910,
4,1298,0.168946,0.213168,0.317338,0.300548,
4,1299,0.211485,0.117181,0.373098,0.298237,
4,1300,0.235851,0.101282,0.376142,0.286726,
4,1301,0.178589,0.214465,0.338962,0.267984,
4,1302,0.267076,0.197650,0.273036,0.262238,
4,1303,0.234441,0.181771,0.252392,0.331396,
4,1304,0.259247,0.219629,0.211774,0.309349,
4,1305,0.323350,0.123773,0.282045,0.270832,
4,1306,0.195001,0.147359,0.271783,0.385857,
4,1307,0.186887,0.180058,0.303719,0.329336,
4,1308,0.217275,0.143482,0.384727,0.254516,
4,1309,0.199115,0.197514,0.316794,0.286577,
4,1310,0.235003,0.234463,0.239659,0.290875,
4,1311,0.268689,0.112521,0.301100,0.317690,
4,1312,0.186682,0.267372,0.279245,0.266700,
4,1313,0.309007,0.134548,0.232910,0.323535,
4,1314,0.239926,0.201753,0.283991,0.274329,
4,1315,0.259412,0.186081,0.295848,0.258659,
4,1316,0.193243,0.196948,0.287209,0.322600,
4,1317,0.254398,0.125738,0.278039,0.341825,
4,1318,0.185667,0.202198,0.310672,0.301463,
4,1319,0.221320,0.213740,0.328945,0.235995,
4,1320,0.210036,0.207458,0.279107,0.303399,
4,1321,0.324168,0.124863,0.234020,0.316949,
4,1322,0.271081,0.142849,0.255138,0.330932,
4,1323,0.201576,0.211309,0.324705,0.262410,
4,1324,0.297781,0.169691,0.254866,0.277662,
4,1325,0.191531,0.233253,0.280510,0.294707,
4,1326,0.212842,0.165106,0.278952,0.343100,
4,1327,0.196332,0.283254,0.275474,0.244939,
4,1328,0.253197,0.115496,0.319857,0.311450,
4,1329,0.183756,0.236811,0.371233,0.208200,
4,1330,0.172088,0.213851,0.360195,0.253866,
4,1331,0.174068,0.175607,0.281751,0.368574,
4,1332,0.187247,0.216493,0.334292,0.261968,
4,1333,0.192813,0.211890,0.301479,0.293818,
4,1334,0.256433,0.181129,0.296817,0.265621,
4,1335,0.187888,0.253006,0.299971,0.259134,
4,1336,0.207316,0.244363,0.306929,0.241392,
4,1337,0.176614,0.255278,0.300061,0.268047,
4,1338,0.235944,0.197682,0.274431,0.291942,
4,1339,0.264905,0.178941,0.284941,0.271212,
4,1340,0.232204,0.237722,0.257708,0.272366,
4,1341,0.205070,0.228325,0.259356,0.307249,
4,1342,0.240146,0.156621,0.312794,0.290439,
4,1343,0.170808,0.212783,0.322874,0.293535,
4,1344,0.234946,0.217631,0.254100,0.293323,
4,1345,0.164410,0.336694,0.229196,0.269700,
4,1346,0.171722,0.225281,0.300865,0.302132,
4,1347,0.295574,0.125004,0.301082,0.278339,
4,1348,0.190201,0.183706,0.336455,0.289638,
4,1349,0.202283,0.200184,0.298176,0.299357,
4,1350,0.174494,0.177725,0.336856,0.310925,
4,1351,0.181482,0.238930,0.313571,0.266018,
4,1352,0.198260,0.198195,0.306309,0.297237,
4,1353,0.220103,0.186913,0.317280,0.275704,
4,1354,0.182369,0.158979,0.285732,0.372919,
4,1355,0.235167,0.187469,0.341291,0.236073,
4,1356,0.293658,0.164706,0.228122,0.313513,
4,1357,0.271126,0.148490,0.289508,0.290876,
4,1358,0.230484,0.177963,0.264931,0.326622,
4,1359,0.223485,0.180297,0.271901,0.324317,
4,1360,0.210197,0.220070,0.276297,0.293436,
4,1361,0.209314,0.218808,0.242289,0.329589,
4,1362,0.219009,0.212743,0.317745,0.250503,
4,1363,0.121235,0.265670,0.333440,0.279655,
4,1364,0.190493,0.211697,0.298921,0.298889,
4,1365,0.171715,0.267531,0.326131,0.234622,
4,1366,0.188838,0.250591,0.303563,0.257008,
4,1367,0.176532,0.274573,0.286778,0.262117,
4,1368,0.198181,0.220016,0.327386,0.254417,
4,1369,0.182065,0.228401,0.304677,0.284857,
4,1370,0.221874,0.173013,0.332114,0.272999,
4,1371,0.225062,0.177968,0.302611,0.294360,
4,1372,0.207410,0.118862,0.339899,0.333830,
4,1373,0.225282,0.195978,0.304089,0.274651,
4,1374,0.157441,0.260012,0.297767,0.284780,
4,1375,0.225070,0.198254,0.298116,0.278561,
4,1376,0.325905,0.126749,0.276799,0.270547,
4,1377,0.181194,0.229471,0.296647,0.292688,
4,1378,0.226961,0.207540,0.282568,0.282931,
4,1379,0.211083,0.194393,0.255270,0.339255,
4,1380,0.264232,0.174319,0.253447,0.308003,
4,1381,0.210863,0.203625,0.331188,0.254324,
4,1382,0.285462,0.127238,0.276136,0.311164,
4,1383,0.267662,0.174922,0.252266,0.305149,
4,1384,0.219381,0.151121,0.261634,0.367864,
4,1385,0.189761,0.302236,0.281731,0.226272,
4,1386,0.171507,0.225561,0.339628,0.263304,
4,1387,0.183195,0.212011,0.292759,0.312035,
4,1388,0.157177,0.255382,0.314815,0.272625,
4,1389,0.192073,0.225614,0.283110,0.299203,
4,1390,0.231994,0.187583,0.295586,0.284836,
4,1391,0.240521,0.181599,0.268137,0.309742,
4,1392,0.236955,0.187316,0.277931,0.297798,
4,1393,0.302907,0.103525,0.275588,0.317979,
4,1394,0.270112,0.110560,0.258317,0.361011,
4,1395,0.220211,0.132697,0.333406,0.313687,
4,1396,0.203717,0.195715,0.340421,0.260147,
4,1397,0.192559,0.252077,0.290145,0.265218,
4,1398,0.242238,0.140594,0.327015,0.290153,
4,1399,0.303854,0.115106,0.241650,0.339390,
4,1400,0.169251,0.256537,0.339173,0.235039,
4,1401,0.186452,0.226550,0.292056,0.294942,
4,1402,0.175398,0.163503,0.271345,0.389755,
4,1403,0.224206,0.196700,0.245647,0.333447,
4,1404,0.224055,0.242085,0.253780,0.280080,
4,1405,0.227818,0.251269,0.267495,0.253418,
4,1406,0.182391,0.241620,0.291143,0.284847,
4,1407,0.259573,0.208845,0.245293,0.286289,
4,1408,0.224677,0.157906,0.312387,0.305029,
4,1409,0.242780,0.185290,0.314229,0.257701,
4,1410,0.194524,0.202726,0.334758,0.267992,
4,1411,0.198275,0.233737,0.300281,0.267707,
4,1412,0.174959,0.205439,0.301625,0.317978,
4,1413,0.173791,0.247782,0.275332,0.303095,
4,1414,0.173787,0.198567,0.308139,0.319507,
4,1415,0.219393,0.119458,0.401466,0.259683,
4,1416,0.175352,0.162746,0.266130,0.395772,
4,1417,0.198349,0.301877,0.285723,0.214052,
4,1418,0.233511,0.210503,0.292667,0.263319,
4,1419,0.258986,0.138801,0.234847,0.367365,
4,1420,0.289162,0.097650,0.308993,0.304195,
4,1421,0.216888,0.167862,0.244703,0.370547,
4,1422,0.317674,0.140149,0.268330,0.273847,
4,1423,0.158872,0.185027,0.317878,0.338222,
4,1424,0.260732,0.104925,0.287079,0.347264,
4,1425,0.226110,0.176903,0.298856,0.298131,
4,1426,0.191468,0.240125,0.280942,0.287465,
4,1427,0.282901,0.116948,0.271362,0.328788,
4,1428,0.203456,0.188859,0.302077,0.305608,
4,1429,0.243762,0.179103,0.296341,0.280794,
4,1430,0.200665,0.187674,0.269558,0.342103,
4,1431,0.177190,0.200776,0.271451,0.350583,
4,1432,0.169862,0.232821,0.298384,0.298932,
4,1433,0.247572,0.131675,0.352620,0.268134,
4,1434,0.250431,0.156369,0.262317,0.330883,
4,1435,0.254308,0.209147,0.292031,0.244515,
4,1436,0.180700,0.216484,0.319415,0.283401,
4,1437,0.171434,0.231968,0.333382,0.263216,
4,1438,0.177523,0.244294,0.272065,0.306118,
4,1439,0.243758,0.181794,0.312061,0.262388,
4,1440,0.258871,0.182408,0.249642,0.309079,
4,1441,0.210632,0.227895,0.288083,0.273390,
4,1442,0.182474,0.244638,0.292553,0.280335,
4,1443,0.193781,0.242277,0.299818,0.264124,
4,1444,0.226684,0.140114,0.294001,0.339200,
4,1445,0.188207,0.217603,0.323548,0.270642,
4,1446,0.201311,0.218235,0.304148,0.276306,
4,1447,0.208979,0.197618,0.259250,0.334153,
4,1448,0.271370,0.153123,0.263162,0.312346,
4,1449,0.292201,0.198262,0.262503,0.247034,
4,1450,0.207561,0.199821,0.289342,0.303275,
4,1451,0.161660,0.235791,0.350664,0.251885,
4,1452,0.244218,0.170540,0.292083,0.293158,
4,1453,0.195598,0.213722,0.312688,0.277992,
4,1454,0.188528,0.208050,0.308816,0.294605,
4,1455,0.282950,0.075689,0.347045,0.294317,
4,1456,0.218897,0.214100,0.273289,0.293714,
4,1457,0.184514,0.278588,0.244672,0.292225,
4,1458,0.251569,0.107603,0.219966,0.420861,
4,1459,0.214983,0.219448,0.305176,0.260393,
4,1460,0.176553,0.217687,0.319628,0.286132,
4,1461,0.204067,0.199606,0.301245,0.295081,
4,1462,0.163294,0.259610,0.351872,0.225224,
4,1463,0.227591,0.205240,0.262998,0.304171,
4,1464,0.319597,0.108686,0.259420,0.312297,
4,1465,0.188665,0.211179,0.275858,0.324297,
4,1466,0.200628,0.255914,0.270567,0.272891,
4,1467,0.161820,0.152780,0.395747,0.289653,
4,1468,0.253189,0.183330,0.338522,0.224959,
4,1469,0.296299,0.124214,0.278118,0.301369,
4,1470,0.307278,0.230994,0.227338,0.234390,
4,1471,0.206701,0.253922,0.285009,0.254368,
4,1472,0.228169,0.272669,0.298302,0.200860,
4,1473,0.264250,0.164193,0.258051,0.313506,
4,1474,0.279597,0.263315,0.253144,0.203944,
4,1475,0.215898,0.188028,0.287015,0.309059,
4,1476,0.206338,0.089428,0.449323,0.254911,
4,1477,0.177207,0.234983,0.254543,0.333267,
4,1478,0.167925,0.163778,0.265573,0.402724,
4,1479,0.205830,0.212855,0.310666,0.270649,
4,1480,0.248029,0.200815,0.274967,0.276189,
4,1481,0.205494,0.200498,0.305425,0.288583,
4,1482,0.261344,0.175873,0.238030,0.324753,
4,1483,0.198342,0.178467,0.287170,0.336021,
4,1484,0.222125,0.219731,0.286799,0.271346,
4,1485,0.195135,0.099112,0.261485,0.444268,
4,1486,0.285931,0.149018,0.236500,0.328551,
4,1487,0.238640,0.168433,0.274256,0.318671,
4,1488,0.146949,0.250220,0.336638,0.266192,
4,1489,0.188519,0.290089,0.277514,0.243878,
4,1490,0.271133,0.114227,0.288449,0.326191,
4,1491,0.236002,0.099434,0.394045,0.270518,
4,1492,0.204488,0.166181,0.289967,0.339364,
4,1493,0.215714,0.176763,0.306205,0.301318,
4,1494,0.211089,0.179115,0.337849,0.271947,
4,1495,0.217277,0.186310,0.264781,0.331632,
4,1496,0.243253,0.187884,0.252045,0.316817,
4,1497,0.167543,0.242896,0.298006,0.291555,
4,1498,0.263952,0.144353,0.264126,0.327568,
4,1499,0.195183,0.251433,0.332684,0.220700,
4,1500,0.194241,0.164991,0.358884,0.281883,
4,1501,0.149201,0.291834,0.276840,0.282125,
4,1502,0.154273,0.281073,0.302586,0.262067,
4,1503,0.229496,0.178037,0.324168,0.268299,
4,1504,0.202257,0.182687,0.249801,0.365255,
4,1505,0.203120,0.206971,0.304253,0.285657,
4,1506,0.200429,0.198612,0.300002,0.300957,
4,1507,0.189084,0.237075,0.315083,0.258758,
4,1508,0.184143,0.164561,0.285395,0.365900,
4,1509,0.165962,0.164892,0.261383,0.407763,
4,1510,0.197081,0.231788,0.281895,0.289235,
4,1511,0.185230,0.127770,0.408706,0.278294,
4,1512,0.214747,0.230898,0.250007,0.304348,
4,1513,0.244847,0.174970,0.263879,0.316304,
4,1514,0.213144,0.187489,0.246939,0.352428,
4,1515,0.180391,0.193247,0.278532,0.347830,
4,1516,0.175355,0.189387,0.347188,0.288069,
4,1517,0.204867,0.152844,0.251053,0.391236,
4,1518,0.302494,0.153895,0.258585,0.285026,
4,1519,0.141065,0.236852,0.353802,0.268281,
4,1520,0.143601,0.278378,0.301223,0.276798,
4,1521,0.216994,0.109074,0.311311,0.362620,
4,1522,0.271617,0.130613,0.267992,0.329778,
4,1523,0.280871,0.142319,0.272203,0.304607,
4,1524,0.204767,0.226826,0.297062,0.271345,
4,1525,0.178920,0.232291,0.345728,0.243062,
4,1526,0.180883,0.274587,0.273118,0.271412,
4,1527,0.151333,0.271522,0.322989,0.254155,
4,1528,0.178808,0.274768,0.285584,0.260840,
4,1529,0.188715,0.245344,0.303313,0.262628,
4,1530,0.224290,0.214801,0.291110,0.269798,
4,1531,0.198163,0.214967,0.281337,0.305533,
4,1532,0.193974,0.201776,0.330937,0.273313,
4,1533,0.210811,0.200815,0.345629,0.242745,
4,1534,0.200149,0.130398,0.360020,0.309433,
4,1535,0.254615,0.167722,0.282287,0.295375,
4,1536,0.201114,0.255033,0.293844,0.250009,
4,1537,0.219286,0.178418,0.278289,0.324006,
4,1538,0.206727,0.204946,0.290564,0.297762,
4,1539,0.148418,0.354593,0.271390,0.225600,
4,1540,0.182576,0.215881,0.317238,0.284305,
4,1541,0.229315,0.181242,0.325102,0.264341,
4,1542,0.181221,0.238663,0.242749,0.337367,
4,1543,0.176558,0.268286,0.277397,0.277759,
4,1544,0.212719,0.208259,0.260934,0.318088,
4,1545,0.366041,0.122633,0.239055,0.272271,
4,1546,0.222588,0.183999,0.294989,0.298424,
4,1547,0.276178,0.123664,0.256627,0.343531,
4,1548,0.240098,0.216216,0.267681,0.276005,
4,1549,0.233012,0.191552,0.263684,0.311752,
4,1550,0.193473,0.187892,0.343762,0.274873,
4,1551,0.185573,0.245836,0.306024,0.262567,
4,1552,0.196732,0.181359,0.267281,0.354628,
4,1553,0.215226,0.249030,0.265280,0.270465,
4,1554,0.165034,0.232591,0.309525,0.292851,
4,1555,0.269671,0.195911,0.226975,0.307443,
4,1556,0.165892,0.150641,0.265104,0.418364,
4,1557,0.172171,0.266878,0.277134,0.283817,
4,1558,0.194753,0.168023,0.336658,0.300566,
4,1559,0.222001,0.189172,0.220192,0.368634,
4,1560,0.258247,0.235960,0.228829,0.276964,
4,1561,0.212313,0.221929,0.334275,0.231484,
4,1562,0.240051,0.226283,0.327782,0.205884,
4,1563,0.185314,0.124598,0.305330,0.384759,
4,1564,0.200345,0.125100,0.387885,0.286669,
4,1565,0.242655,0.092031,0.318665,0.346649,
4,1566,0.236043,0.154940,0.317461,0.291556,
4,1567,0.233948,0.212545,0.284468,0.269039,
4,1568,0.157604,0.230879,0.361459,0.250058,
4,1569,0.199384,0.208316,0.327619,0.264681,
4,1570,0.261354,0.164471,0.296822,0.277353,
4,1571,0.233829,0.220768,0.292927,0.252476,
4,1572,0.330179,0.118372,0.273367,0.278082,
4,1573,0.179210,0.220857,0.363929,0.236004,
4,1574,0.207868,0.196463,0.321515,0.274154,
4,1575,0.242336,0.190592,0.256378,0.310693,
4,1576,0.212521,0.150601,0.295233,0.341645,
4,1577,0.220368,0.162770,0.359631,0.257231,
4,1578,0.257842,0.123603,0.319967,0.298587,
4,1579,0.236113,0.192551,0.267390,0.303946,
4,1580,0.233740,0.166725,0.325116,0.274420,
4,1581,0.309030,0.109662,0.343250,0.238059,
4,1582,0.160365,0.230527,0.305315,0.303793,
4,1583,0.163368,0.266828,0.328989,0.240816,
4,1584,0.256120,0.203103,0.226977,0.313800,
4,1585,0.284057,0.136967,0.290473,0.288503,
4,1586,0.256890,0.118997,0.320557,0.303555,
4,1587,0.300551,0.130180,0.275624,0.293645,
4,1588,0.255928,0.212231,0.320994,0.210846,
4,1589,0.218605,0.225701,0.266284,0.289411,
4,1590,0.297085,0.132352,0.268285,0.302278,
4,1591,0.333502,0.117332,0.242462,0.306704,
4,1592,0.209275,0.241747,0.250837,0.298140,
4,1593,0.230853,0.150663,0.297184,0.321300,
4,1594,0.241801,0.181787,0.320030,0.256382,
4,1595,0.206847,0.227178,0.290278,0.275697,
4,1596,0.186071,0.225338,0.319440,0.269152,
4,1597,0.269520,0.190345,0.256025,0.284110,
4,1598,0.195333,0.194945,0.282117,0.327605,
4,1599,0.187034,0.193139,0.314866,0.304961,
4,1600,0.224495,0.179121,0.327911,0.268473,
4,1601,0.226072,0.197686,0.249936,0.326306,
4,1602,0.268276,0.120507,0.333934,0.277283,
4,1603,0.183851,0.204865,0.289677,0.321607,
4,1604,0.198426,0.216474,0.292866,0.292234,
4,1605,0.187987,0.205589,0.272797,0.333628,
4,1606,0.184288,0.242884,0.293063,0.279765,
4,1607,0.146019,0.217606,0.350456,0.285918,
4,1608,0.184432,0.206048,0.252929,0.356591,
4,1609,0.191477,0.224480,0.299372,0.284671,
4,1610,0.189758,0.217577,0.294853,0.297811,
4,1611,0.204124,0.120397,0.362220,0.313259,
4,1612,0.258247,0.141119,0.236546,0.364088,
4,1613,0.232528,0.137741,0.268280,0.361451,
4,1614,0.192871,0.199095,0.362466,0.245568,
4,1615,0.237063,0.234708,0.270029,0.258200,
4,1616,0.236425,0.168735,0.288846,0.305994,
4,1617,0.280349,0.106640,0.254105,0.358906,
4,1618,0.240788,0.162220,0.244953,0.352040,
4,1619,0.268136,0.132309,0.287910,0.311645,
4,1620,0.201180,0.177290,0.304719,0.316811,
4,1621,0.160526,0.218532,0.330512,0.290430,
4,1622,0.203065,0.164609,0.326449,0.305878,
4,1623,0.166347,0.191195,0.345278,0.297180,
4,1624,0.169932,0.237678,0.304782,0.287607,
4,1625,0.247238,0.172523,0.303396,0.276843,
4,1626,0.184294,0.247099,0.286664,0.281942,
4,1627,0.258827,0.226974,0.252318,0.261881,
4,1628,0.236590,0.196428,0.269209,0.297774,
4,1629,0.203506,0.189139,0.348601,0.258754,
4,1630,0.268750,0.164307,0.266141,0.300802,
4,1631,0.212934,0.164966,0.271419,0.350681,
4,1632,0.239890,0.251203,0.233613,0.275294,
4,1633,0.200976,0.169271,0.246436,0.383317,
4,1634,0.237435,0.189916,0.299823,0.272827,
4,1635,0.261606,0.126933,0.218890,0.392571,
4,1636,0.177961,0.157407,0.261645,0.402987,
4,1637,0.191067,0.238698,0.294724,0.275511,
4,1638,0.216799,0.233610,0.293519,0.256072,
4,1639,0.175357,0.168269,0.275973,0.380401,
4,1640,0.258683,0.155553,0.268027,0.317737,
4,1641,0.186578,0.285258,0.280150,0.248014,
4,1642,0.262293,0.199813,0.317998,0.219895,
4,1643,0.161424,0.248901,0.295655,0.294020,
4,1644,0.174855,0.202157,0.328921,0.294067,
4,1645,0.261702,0.219790,0.251557,0.266951,
4,1646,0.237573,0.233030,0.262848,0.266548,
4,1647,0.169871,0.116515,0.431513,0.282101,
4,1648,0.241624,0.164929,0.329481,0.263966,
4,1649,0.212487,0.170853,0.250397,0.366263,
4,1650,0.196967,0.216609,0.309595,0.276829,
4,1651,0.184859,0.217600,0.302613,0.294928,
4,1652,0.206667,0.247715,0.246218,0.299401,
4,1653,0.223757,0.139653,0.280456,0.356134,
4,1654,0.193870,0.253812,0.297556,0.254762,
4,1655,0.260590,0.106183,0.328959,0.304268,
4,1656,0.253803,0.212005,0.273606,0.260586,
4,1657,0.197028,0.222169,0.333244,0.247559,
4,1658,0.229378,0.205173,0.245535,0.319914,
4,1659,0.190109,0.215272,0.286538,0.308080,
4,1660,0.298883,0.101165,0.299851,0.300101,
4,1661,0.186595,0.218748,0.304680,0.289977,
4,1662,0.196013,0.243175,0.337799,0.223013,
4,1663,0.148790,0.287541,0.319793,0.243876,
4,1664,0.323398,0.159694,0.277487,0.239421,
4,1665,0.242323,0.178492,0.310078,0.269107,
4,1666,0.219970,0.196164,0.247786,0.336080,
4,1667,0.204712,0.220635,0.283142,0.291511,
4,1668,0.230784,0.207155,0.294177,0.267885,
4,1669,0.254464,0.195044,0.281250,0.269242,
4,1670,0.324106,0.087262,0.258911,0.329720,
4,1671,0.170718,0.283604,0.323895,0.221783,
4,1672,0.253293,0.145835,0.287520,0.313353,
4,1673,0.173977,0.107934,0.402662,0.315426,
4,1674,0.215076,0.207989,0.268979,0.307956,
4,1675,0.260594,0.183863,0.303532,0.252011,
4,1676,0.192407,0.206885,0.253033,0.347674,
4,1677,0.303623,0.123406,0.241353,0.331618,
4,1678,0.166954,0.271791,0.332958,0.228296,
4,1679,0.261498,0.144758,0.226652,0.367092,
4,1680,0.336878,0.120193,0.285619,0.257310,
4,1681,0.251102,0.196304,0.264986,0.287608,
4,1682,0.219354,0.245777,0.255806,0.279064,
4,1683,0.189832,0.224319,0.280512,0.305337,
4,1684,0.260746,0.187752,0.320452,0.231051,
4,1685,0.294425,0.142056,0.258150,0.305369,
4,1686,0.241327,0.152053,0.248928,0.357692,
4,1687,0.297179,0.208149,0.240440,0.254232,
4,1688,0.253421,0.175475,0.213919,0.357185,
4,1689,0.220858,0.232777,0.261044,0.285321,
4,1690,0.188735,0.284671,0.287652,0.238941,
4,1691,0.205728,0.208731,0.291641,0.293900,
4,1692,0.213507,0.197949,0.306920,0.281624,
4,1693,0.183803,0.156318,0.276475,0.383404,
4,1694,0.203143,0.178775,0.269522,0.348560,
4,1695,0.208907,0.261397,0.268772,0.260924,
4,1696,0.169264,0.302956,0.247011,0.280769,
4,1697,0.222271,0.303144,0.250374,0.224211,
4,1698,0.197153,0.199421,0.341183,0.262243,
4,1699,0.212624,0.330167,0.237662,0.219547,
4,1700,0.219298,0.175304,0.247521,0.357878,
4,1701,0.193196,0.187940,0.288216,0.330647,
4,1702,0.221941,0.192584,0.275115,0.310360,
4,1703,0.229634,0.097771,0.388550,0.284044,
4,1704,0.182070,0.239838,0.309339,0.268753,
4,1705,0.167135,0.144245,0.424538,0.264082,
4,1706,0.250411,0.190585,0.298231,0.260774,
4,1707,0.158778,0.315733,0.275375,0.250114,
4,1708,0.201348,0.211780,0.308003,0.278869,
4,1709,0.206829,0.196303,0.224001,0.372868,
4,1710,0.182639,0.242410,0.276371,0.298580,
4,1711,0.280044,0.164709,0.252860,0.302387,
4,1712,0.183527,0.208671,0.295264,0.312537,
4,1713,0.162020,0.223035,0.341950,0.272995,
4,1714,0.335933,0.139940,0.252546,0.271581,
4,1715,0.183696,0.132474,0.385947,0.297883,
4,1716,0.198124,0.196135,0.319040,0.286701,
4,1717,0.181755,0.248199,0.297278,0.272767,
4,1718,0.242177,0.119310,0.291074,0.347439,
4,1719,0.214702,0.196978,0.314186,0.274134,
4,1720,0.220580,0.188525,0.312273,0.278623,
4,1721,0.198544,0.183755,0.354725,0.262976,
4,1722,0.191874,0.253393,0.271948,0.282785,
4,1723,0.167646,0.302202,0.297361,0.232791,
4,1724,0.135133,0.244644,0.324866,0.295357,
4,1725,0.220771,0.179312,0.326031,0.273885,
4,1726,0.213466,0.179918,0.308066,0.298550,
4,1727,0.244745,0.140975,0.286091,0.328189,
4,1728,0.188896,0.222796,0.267344,0.320964,
4,1729,0.237184,0.127305,0.294998,0.340512,
4,1730,0.222397,0.193757,0.320991,0.262856,
4,1731,0.190142,0.208923,0.271987,0.328948,
4,1732,0.177900,0.264923,0.294792,0.262385,
4,1733,0.213362,0.161339,0.327993,0.297306,
4,1734,0.231690,0.220730,0.274784,0.272795,
4,1735,0.152515,0.153015,0.273860,0.420610,
4,1736,0.237364,0.191856,0.327616,0.243164,
4,1737,0.192699,0.162092,0.280024,0.365184,
4,1738,0.136822,0.290298,0.349787,0.223093,
4,1739,0.169222,0.306638,0.303865,0.220275,
4,1740,0.215969,0.114604,0.379049,0.290378,
4,1741,0.201091,0.195025,0.338057,0.265826,
4,1742,0.188895,0.192714,0.267212,0.351179,
4,1743,0.239007,0.183142,0.282440,0.295412,
4,1744,0.215576,0.181732,0.272170,0.330522,
4,1745,0.262177,0.125602,0.315906,0.296315,
4,1746,0.258076,0.168884,0.234088,0.338953,
4,1747,0.263475,0.103259,0.266217,0.367048,
4,1748,0.252508,0.098127,0.346428,0.302937,
4,1749,0.280145,0.146077,0.270978,0.302801,
4,1750,0.241638,0.133086,0.281530,0.343746,
4,1751,0.242671,0.171437,0.300260,0.285631,
4,1752,0.195293,0.240446,0.271915,0.292346,
4,1753,0.223893,0.182714,0.280839,0.312553,
4,1754,0.209121,0.206467,0.339982,0.244430,
4,1755,0.268330,0.236992,0.231377,0.263302,
4,1756,0.176139,0.175076,0.254399,0.394386,
4,1757,0.210950,0.204351,0.317778,0.266921,
4,1758,0.182860,0.199384,0.316994,0.300762,
4,1759,0.168788,0.242338,0.283216,0.305658,
4,1760,0.159032,0.270045,0.321832,0.249092,
4,1761,0.374818,0.128542,0.233747,0.262893,
4,1762,0.204524,0.175163,0.311593,0.308720,
4,1763,0.279019,0.197730,0.243042,0.280208,
4,1764,0.233406,0.202376,0.286372,0.277846,
4,1765,0.222550,0.180891,0.281779,0.314781,
4,1766,0.249149,0.221477,0.265771,0.263604,
4,1767,0.200019,0.192763,0.310727,0.296492,
4,1768,0.266625,0.163511,0.267438,0.302425,
4,1769,0.230040,0.192961,0.299287,0.277712,
4,1770,0.165438,0.200199,0.346073,0.288290,
4,1771,0.166674,0.321334,0.286877,0.225115,
4,1772,0.175156,0.242716,0.328495,0.253634,
4,1773,0.192854,0.143022,0.365082,0.299043,
4,1774,0.213571,0.191285,0.284690,0.310454,
4,1775,0.215231,0.197814,0.361924,0.225031,
4,1776,0.214074,0.196413,0.316334,0.273179,
4,1777,0.271017,0.191665,0.226479,0.310839,
4,1778,0.201176,0.212296,0.333892,0.252636,
4,1779,0.367622,0.188277,0.237530,0.206571,
4,1780,0.204062,0.181666,0.239940,0.374331,
4,1781,0.222568,0.156990,0.304593,0.315849,
4,1782,0.199504,0.185220,0.243605,0.371670,
4,1783,0.249461,0.194837,0.279881,0.275822,
4,1784,0.237993,0.139874,0.286054,0.336079,
4,1785,0.156113,0.166567,0.287114,0.390206,
4,1786,0.164647,0.222835,0.324436,0.288082,
4,1787,0.190333,0.219335,0.318953,0.271380,
4,1788,0.172974,0.259352,0.272554,0.295120,
4,1789,0.217413,0.207554,0.297328,0.277704,
4,1790,0.197804,0.273314,0.266871,0.262011,
4,1791,0.264055,0.119164,0.299167,0.317613,
4,1792,0.182406,0.280706,0.281863,0.255025,
4,1793,0.237568,0.198119,0.226140,0.338172,
4,1794,0.176798,0.227597,0.320657,0.274948,
4,1795,0.221522,0.233534,0.290392,0.254552,
4,1796,0.260498,0.192684,0.266120,0.280697,
4,1797,0.246726,0.155186,0.262942,0.335146,
4,1798,0.205503,0.182500,0.270101,0.341896,
4,1799,0.228433,0.198960,0.254852,0.317756,
4,1800,0.224292,0.183152,0.341932,0.250623,
4,1801,0.188091,0.180255,0.320449,0.311206,
4,1802,0.338522,0.115933,0.243839,0.301706,
4,1803,0.183907,0.185782,0.330604,0.299707,
4,1804,0.194626,0.220959,0.296737,0.287678,
4,1805,0.191074,0.187404,0.294642,0.326880,
4,1806,0.215510,0.190623,0.246065,0.347802,
4,1807,0.315963,0.150974,0.287496,0.245567,
4,1808,0.218569,0.174386,0.264428,0.342616,
4,1809,0.237159,0.131339,0.269583,0.361920,
4,1810,0.291323,0.169190,0.312536,0.226952,
4,1811,0.176879,0.252996,0.333200,0.236924,
4,1812,0.186878,0.282179,0.287189,0.243755,
4,1813,0.210946,0.194714,0.293151,0.301189,
4,1814,0.246919,0.232654,0.224745,0.295682,
4,1815,0.266268,0.176301,0.253513,0.303919,
4,1816,0.198587,0.223144,0.320718,0.257552,
4,1817,0.169642,0.250747,0.302587,0.277024,
4,1818,0.213204,0.125286,0.353396,0.308113,
4,1819,0.211763,0.228991,0.317439,0.241807,
4,1820,0.174036,0.226177,0.314926,0.284862,
4,1821,0.183644,0.244891,0.312198,0.259266,
4,1822,0.240372,0.116774,0.216299,0.426555,
4,1823,0.298913,0.252087,0.205935,0.243065,
4,1824,0.231868,0.182267,0.277622,0.308243,
4,1825,0.196145,0.219147,0.281789,0.302919,
4,1826,0.259068,0.202824,0.240111,0.297997,
4,1827,0.202521,0.141506,0.270000,0.385974,
4,1828,0.196517,0.286116,0.250748,0.266619,
4,1829,0.282577,0.151369,0.258888,0.307166,
4,1830,0.189537,0.114993,0.404437,0.291034,
4,1831,0.193981,0.188046,0.242851,0.375121,
4,1832,0.251967,0.202945,0.261416,0.283672,
4,1833,0.227163,0.186640,0.337184,0.249013,
4,1834,0.182160,0.190032,0.313814,0.313994,
4,1835,0.187725,0.293694,0.245905,0.272675,
4,1836,0.274140,0.203558,0.264386,0.257916,
4,1837,0.268601,0.198510,0.313975,0.218914,
4,1838,0.227947,0.184949,0.280235,0.306870,
4,1839,0.204824,0.161079,0.293544,0.340553,
4,1840,0.246979,0.107082,0.273325,0.372615,
4,1841,0.232254,0.189069,0.301374,0.277303,
4,1842,0.174645,0.252921,0.315192,0.257242,
4,1843,0.257938,0.186645,0.272789,0.282629,
4,1844,0.183703,0.132571,0.386261,0.297466,
4,1845,0.209946,0.190397,0.322089,0.277568,
4,1846,0.214073,0.181257,0.267613,0.337057,
4,1847,0.174914,0.249436,0.292138,0.283511,
4,1848,0.273319,0.185179,0.230562,0.310939,
4,1849,0.264409,0.233278,0.247705,0.254608,
4,1850,0.201037,0.176289,0.309463,0.313211,
4,1851,0.205993,0.230634,0.323837,0.239536,
4,1852,0.157071,0.167555,0.294634,0.380740,
4,1853,0.208101,0.229330,0.281167,0.281403,
4,1854,0.227649,0.199967,0.308124,0.264260,
4,1855,0.172123,0.264808,0.313193,0.249876,
4,1856,0.175608,0.175032,0.344339,0.305021,
4,1857,0.153790,0.243587,0.363305,0.239318,
4,1858,0.205634,0.222290,0.321410,0.250666,
4,1859,0.201477,0.201551,0.320678,0.276294,
4,1860,0.158547,0.244006,0.309417,0.288030,
4,1861,0.168111,0.172320,0.359508,0.300061,
4,1862,0.195690,0.196902,0.353492,0.253916,
4,1863,0.310222,0.217070,0.276863,0.195845,
4,1864,0.204836,0.202079,0.312615,0.280470,
4,1865,0.200229,0.195348,0.288915,0.315508,
4,1866,0.167129,0.147267,0.378914,0.306690,
4,1867,0.253234,0.203345,0.248078,0.295344,
4,1868,0.210354,0.201989,0.254244,0.333413,
4,1869,0.251425,0.237092,0.251265,0.260217,
4,1870,0.250096,0.238734,0.246832,0.264337,
4,1871,0.221743,0.150045,0.258255,0.369957,
4,1872,0.192593,0.188299,0.348386,0.270721,
4,1873,0.150644,0.098182,0.462899,0.288275,
4,1874,0.258388,0.137327,0.278659,0.325626,
4,1875,0.229972,0.200692,0.273512,0.295824,
4,1876,0.176939,0.219763,0.352031,0.251267,
4,1877,0.217653,0.305539,0.243935,0.232873,
4,1878,0.179930,0.308299,0.281925,0.229847,
4,1879,0.247604,0.202174,0.318294,0.231929,
4,1880,0.233095,0.215698,0.316984,0.234223,
4,1881,0.216281,0.240818,0.298152,0.244748,
4,1882,0.171901,0.266381,0.328556,0.233162,
4,1883,0.214127,0.187061,0.245941,0.352871,
4,1884,0.177665,0.223243,0.270559,0.328533,
4,1885,0.222141,0.226910,0.276090,0.274859,
4,1886,0.173446,0.239830,0.343670,0.243054,
4,1887,0.245865,0.163691,0.260166,0.330278,
4,1888,0.187142,0.189158,0.297320,0.326380,
4,1889,0.232667,0.212661,0.269393,0.285280,
4,1890,0.251577,0.152002,0.261659,0.334761,
4,1891,0.192225,0.126091,0.377101,0.304583,
4,1892,0.164038,0.179127,0.339712,0.317123,
4,1893,0.222274,0.141808,0.275395,0.360524,
4,1894,0.200448,0.187365,0.318085,0.294102,
4,1895,0.205421,0.220865,0.310514,0.263200,
4,1896,0.228043,0.222319,0.252022,0.297616,
4,1897,0.192002,0.229920,0.288052,0.290026,
4,1898,0.274846,0.116467,0.292506,0.316181,
4,1899,0.222469,0.171649,0.278517,0.327365,
4,1900,0.236169,0.232945,0.254620,0.276267,
4,1901,0.238217,0.188153,0.326528,0.247102,
4,1902,0.211537,0.365078,0.216173,0.207213,
4,1903,0.275391,0.115660,0.304069,0.304880,
4,1904,0.257970,0.112981,0.333385,0.295664,
4,1905,0.207180,0.111247,0.379536,0.302037,
4,1906,0.249441,0.134305,0.282308,0.333946,
4,1907,0.311968,0.232633,0.198381,0.257018,
4,1908,0.184024,0.284905,0.278677,0.252395,
4,1909,0.229685,0.171931,0.339312,0.259072,
4,1910,0.227542,0.160312,0.252147,0.359999,
4,1911,0.214027,0.229804,0.304214,0.251956,
4,1912,0.166364,0.240178,0.320349,0.273109,
4,1913,0.211365,0.205624,0.269843,0.313169,
4,1914,0.214352,0.218499,0.330529,0.236620,
4,1915,0.182249,0.253859,0.287366,0.276526,
4,1916,0.201084,0.171413,0.260799,0.366704,
4,1917,0.240334,0.113687,0.354841,0.291137,
4,1918,0.253873,0.123302,0.275328,0.347497,
4,1919,0.233606,0.155592,0.253029,0.357773,
4,1920,0.199245,0.169720,0.346546,0.284490,
4,1921,0.222137,0.193159,0.306378,0.278326,
4,1922,0.273163,0.147560,0.218730,0.360548,
4,1923,0.155500,0.238331,0.377338,0.228831,
4,1924,0.158202,0.258465,0.291742,0.291591,
4,1925,0.192954,0.223584,0.318258,0.265205,
4,1926,0.184711,0.278815,0.267824,0.268651,
4,1927,0.156863,0.277990,0.334527,0.230620,
4,1928,0.185479,0.158750,0.261448,0.394323,
4,1929,0.238904,0.171494,0.337678,0.251924,
4,1930,0.254221,0.106843,0.306990,0.331945,
4,1931,0.153428,0.221933,0.350115,0.274524,
4,1932,0.162938,0.123329,0.369661,0.344072,
4,1933,0.259937,0.194251,0.303000,0.242812,
4,1934,0.248159,0.163869,0.277530,0.310442,
4,1935,0.210685,0.188388,0.291145,0.309782,
4,1936,0.193175,0.243462,0.278771,0.284593,
4,1937,0.219342,0.221043,0.317746,0.241870,
4,1938,0.185760,0.224218,0.307668,0.282354,
4,1939,0.272139,0.175999,0.239723,0.312139,
4,1940,0.225335,0.207233,0.278933,0.288500,
4,1941,0.182100,0.294413,0.309517,0.213969,
4,1942,0.239509,0.185530,0.253760,0.321201,
4,1943,0.214594,0.205625,0.246740,0.333042,
4,1944,0.230497,0.206182,0.276407,0.286914,
4,1945,0.215619,0.227287,0.277832,0.279262,
4,1946,0.272672,0.192850,0.284278,0.250200,
4,1947,0.222000,0.191445,0.294805,0.291750,
4,1948,0.236146,0.227770,0.279069,0.257015,
4,1949,0.214728,0.199179,0.329963,0.256129,
4,1950,0.276876,0.186332,0.267908,0.268884,
4,1951,0.202287,0.166643,0.282131,0.348940,
4,1952,0.206788,0.182515,0.298470,0.312228,
4,1953,0.263966,0.152070,0.242811,0.341153,
4,1954,0.151146,0.231443,0.321824,0.295586,
4,1955,0.335715,0.143296,0.289005,0.231984,
4,1956,0.139516,0.265496,0.347395,0.247593,
4,1957,0.186774,0.246929,0.323882,0.242414,
4,1958,0.295210,0.168677,0.290654,0.245458,
4,1959,0.170173,0.165532,0.255429,0.408866,
4,1960,0.234611,0.163437,0.302338,0.299614,
4,1961,0.212889,0.172426,0.295143,0.319542,
4,1962,0.176816,0.229842,0.338982,0.254360,
4,1963,0.162275,0.213598,0.374856,0.249271,
4,1964,0.173626,0.191061,0.315509,0.319804,
4,1965,0.198078,0.252532,0.317052,0.232338,
4,1966,0.222661,0.213900,0.242476,0.320964,
4,1967,0.164065,0.260481,0.293730,0.281724,
4,1968,0.241129,0.180576,0.244114,0.334181,
4,1969,0.186199,0.250053,0.306246,0.257502,
4,1970,0.171092,0.171694,0.285836,0.371378,
4,1971,0.176757,0.235348,0.353066,0.234828,
4,1972,0.191762,0.160985,0.366775,0.280478,
4,1973,0.179893,0.225951,0.346934,0.247223,
4,1974,0.202133,0.184659,0.325282,0.287926,
4,1975,0.201010,0.140464,0.279769,0.378757,
4,1976,0.232382,0.125030,0.306546,0.336042,
4,1977,0.216614,0.172985,0.255542,0.354858,
4,1978,0.215799,0.186066,0.326257,0.271878,
4,1979,0.329305,0.132360,0.238294,0.300042,
4,1980,0.205397,0.183933,0.280357,0.330313,
4,1981,0.255400,0.145088,0.242670,0.356841,
4,1982,0.256788,0.189347,0.301194,0.252671,
4,1983,0.145420,0.327590,0.270033,0.256956,
4,1984,0.203399,0.228852,0.281563,0.286186,
4,1985,0.325126,0.129222,0.267416,0.278235,
4,1986,0.208693,0.223553,0.310391,0.257363,
4,1987,0.260068,0.197817,0.274146,0.267968,
4,1988,0.250950,0.162849,0.271836,0.314365,
4,1989,0.260042,0.136906,0.249655,0.353398,
4,1990,0.269455,0.125545,0.311700,0.293300,
4,1991,0.276595,0.168130,0.255954,0.299321,
4,1992,0.169858,0.165000,0.305577,0.359566,
4,1993,0.205733,0.194274,0.311975,0.288018,
4,1994,0.226241,0.191225,0.271300,0.311234,
4,1995,0.213499,0.166558,0.360747,0.259197,
4,1996,0.266315,0.176598,0.291652,0.265435,
4,1997,0.176209,0.227677,0.343051,0.253063,
4,1998,0.166086,0.281286,0.336997,0.215631,
4,1999,0.229954,0.247880,0.267715,0.254450,
4,2000,0.213926,0.223684,0.297872,0.264519,
4,2001,0.248908,0.201844,0.272772,0.276477,
4,2002,0.210694,0.203861,0.258752,0.326693,
4,2003,0.261237,0.170185,0.289636,0.278943,
4,2004,0.200050,0.179165,0.362158,0.258628,
4,2005,0.182785,0.251057,0.330234,0.235924,
4,2006,0.209309,0.183030,0.251201,0.356460,
4,2007,0.193592,0.189275,0.310185,0.306948,
4,2008,0.242628,0.130352,0.278044,0.348976,
4,2009,0.211041,0.190913,0.240071,0.357974,
4,2010,0.193669,0.124070,0.293531,0.388730,
4,2011,0.216508,0.218454,0.279950,0.285087,
4,2012,0.196927,0.133970,0.382705,0.286399,
4,2013,0.228798,0.214095,0.302124,0.254983,
4,2014,0.232409,0.140351,0.283174,0.344066,
4,2015,0.318172,0.130434,0.250841,0.300552,
4,2016,0.166368,0.208921,0.343590,0.281121,
4,2017,0.220535,0.202616,0.262301,0.314548,
4,2018,0.216358,0.171891,0.264593,0.347157,
4,2019,0.176511,0.190312,0.271368,0.361809,
4,2020,0.276722,0.166146,0.273633,0.283499,
4,2021,0.265909,0.167015,0.258615,0.308461,
4,2022,0.195175,0.265092,0.292895,0.246837,
4,2023,0.183309,0.203692,0.344241,0.268758,
4,2024,0.228125,0.209694,0.269591,0.292590,
4,2025,0.217397,0.183685,0.336850,0.262068,
4,2026,0.266196,0.193200,0.241280,0.299324,
4,2027,0.231357,0.117611,0.332935,0.318097,
4,2028,0.244706,0.209394,0.266802,0.279098,
4,2029,0.301169,0.133988,0.303912,0.260931,
4,2030,0.220394,0.216933,0.258270,0.304402,
4,2031,0.227461,0.232459,0.252117,0.287963,
4,2032,0.221481,0.195708,0.342956,0.239855,
4,2033,0.271969,0.128229,0.305241,0.294561,
4,2034,0.157358,0.261455,0.337524,0.243662,
4,2035,0.231453,0.166007,0.300425,0.302115,
4,2036,0.202489,0.197135,0.279036,0.321340,
4,2037,0.265847,0.220111,0.242045,0.271997,
4,2038,0.319372,0.118240,0.283315,0.279073,
4,2039,0.188605,0.239123,0.273137,0.299135,
4,2040,0.169150,0.218903,0.325795,0.286153,
4,2041,0.168702,0.230342,0.309796,0.291160,
4,2042,0.215542,0.226812,0.254575,0.303072,
4,2043,0.269731,0.130504,0.273410,0.326356,
4,2044,0.259685,0.122295,0.319723,0.298297,
4,2045,0.227288,0.183980,0.312052,0.276680,
4,2046,0.170524,0.215412,0.301368,0.312696,
4,2047,0.199834,0.257247,0.284377,0.258542,
4,2048,0.292271,0.132467,0.293558,0.281705,
4,2049,0.341949,0.114406,0.232287,0.311358,
4,2050,0.202004,0.171799,0.271472,0.354726,
4,2051,0.170112,0.166899,0.258408,0.404581,
4,2052,0.178776,0.194136,0.312667,0.314421,
4,2053,0.226898,0.242669,0.249011,0.281422,
4,2054,0.267540,0.220288,0.254460,0.257712,
4,2055,0.193001,0.228097,0.285505,0.293398,
4,2056,0.153337,0.250867,0.308351,0.287446,
4,2057,0.216252,0.229825,0.255036,0.298887,
4,2058,0.192595,0.242270,0.274866,0.290269,
4,2059,0.262573,0.231663,0.240389,0.265375,
4,2060,0.268128,0.137188,0.235718,0.358966,
4,2061,0.211154,0.133681,0.277473,0.377692,
4,2062,0.205281,0.194801,0.285674,0.314244,
4,2063,0.215969,0.199761,0.252104,0.332167,
4,2064,0.189866,0.256545,0.278457,0.275132,
4,2065,0.150858,0.242600,0.272166,0.334376,
4,2066,0.289620,0.169575,0.240132,0.300673,
4,2067,0.235599,0.124375,0.353692,0.286335,
4,2068,0.245861,0.160430,0.247192,0.346517,
4,2069,0.211900,0.113942,0.335958,0.338200,
4,2070,0.225801,0.259441,0.252284,0.262473,
4,2071,0.198460,0.261868,0.296893,0.242779,
4,2072,0.189134,0.200707,0.336830,0.273329,
4,2073,0.254543,0.175118,0.276541,0.293798,
4,2074,0.193906,0.144751,0.284022,0.377321,
4,2075,0.183631,0.197261,0.279233,0.339875,
4,2076,0.195067,0.185589,0.312662,0.306682,
4,2077,0.218135,0.152809,0.242566,0.386491,
4,2078,0.176229,0.233314,0.325531,0.264926,
4,2079,0.206202,0.227056,0.292606,0.274136,
4,2080,0.171849,0.229241,0.309641,0.289269,
4,2081,0.159963,0.174410,0.283438,0.382190,
4,2082,0.208671,0.231424,0.323781,0.236124,
4,2083,0.323702,0.171901,0.221417,0.282980,
4,2084,0.250725,0.143979,0.306338,0.298958,
4,2085,0.188740,0.223685,0.263784,0.323792,
4,2086,0.214315,0.134051,0.314168,0.337466,
4,2087,0.219110,0.120969,0.324410,0.335512,
4,2088,0.228207,0.199577,0.308110,0.264106,
4,2089,0.197427,0.120842,0.370394,0.311338,
4,2090,0.184769,0.238094,0.321433,0.255703,
4,2091,0.189318,0.301710,0.305456,0.203516,
4,2092,0.247425,0.168438,0.233304,0.350833,
4,2093,0.187081,0.295876,0.292660,0.224383,
4,2094,0.277882,0.209063,0.263020,0.250035,
4,2095,0.231851,0.176970,0.306281,0.284897,
4,2096,0.180339,0.111786,0.418044,0.289831,
4,2097,0.235047,0.177513,0.322237,0.265204,
4,2098,0.299706,0.107613,0.278436,0.314244,
4,2099,0.198098,0.196075,0.224309,0.381519,
4,2100,0.238366,0.211154,0.269646,0.280834,
4,2101,0.230653,0.308466,0.236490,0.224390,
4,2102,0.172946,0.216442,0.315710,0.294902,
4,2103,0.216939,0.128296,0.325227,0.329538,
4,2104,0.245372,0.181474,0.337050,0.236104,
4,2105,0.159179,0.121322,0.402383,0.317117,
4,2106,0.182427,0.237798,0.349728,0.230047,
4,2107,0.297359,0.165240,0.222413,0.314989,
4,2108,0.306608,0.142320,0.268246,0.282825,
4,2109,0.213452,0.168183,0.251331,0.367034,
4,2110,0.238490,0.212218,0.273120,0.276172,
4,2111,0.212328,0.163072,0.303970,0.320630,
4,2112,0.202361,0.276967,0.268243,0.252429,
4,2113,0.200674,0.259634,0.270708,0.268984,
4,2114,0.232360,0.165261,0.332118,0.270261,
4,2115,0.183039,0.257491,0.287051,0.272419,
4,2116,0.228251,0.181268,0.314687,0.275793,
4,2117,0.252249,0.123877,0.306243,0.317631,
4,2118,0.184744,0.178726,0.328222,0.308307,
4,2119,0.182759,0.114220,0.380790,0.322231,
4,2120,0.233277,0.193093,0.290856,0.282773,
4,2121,0.192306,0.186337,0.282924,0.338433,
4,2122,0.209427,0.176809,0.305957,0.307807,
4,2123,0.234318,0.189356,0.303884,0.272442,
4,2124,0.198430,0.174106,0.365406,0.262058,
4,2125,0.201268,0.221771,0.317694,0.259266,
4,2126,0.270332,0.157149,0.262985,0.309535,
4,2127,0.199347,0.200601,0.312587,0.287464,
4,2128,0.167631,0.297927,0.279166,0.255276,
4,2129,0.212501,0.187006,0.281808,0.318685,
4,2130,0.184557,0.266640,0.312707,0.236096,
4,2131,0.251783,0.195557,0.237606,0.315054,
4,2132,0.279043,0.189587,0.239175,0.292195,
4,2133,0.242566,0.177546,0.278196,0.301691,
4,2134,0.236993,0.203884,0.278971,0.280152,
4,2135,0.179334,0.215625,0.320604,0.284437,
4,2136,0.189597,0.199700,0.331680,0.279023,
4,2137,0.198994,0.205369,0.239374,0.356263,
4,2138,0.232294,0.224603,0.250817,0.292286,
4,2139,0.246779,0.129889,0.256779,0.366553,
4,2140,0.197618,0.208019,0.307593,0.286770,
4,2141,0.219665,0.184484,0.240094,0.355756,
4,2142,0.251995,0.172160,0.303872,0.271973,
4,2143,0.275560,0.184207,0.193453,0.346781,
4,2144,0.187927,0.184362,0.301514,0.326196,
4,2145,0.161390,0.239238,0.329689,0.269683,
4,2146,0.182772,0.182293,0.307856,0.327079,
4,2147,0.234442,0.210984,0.282575,0.272000,
4,2148,0.189160,0.239716,0.333604,0.237520,
4,2149,0.207367,0.216314,0.281011,0.295308,
4,2150,0.178170,0.129849,0.399334,0.292647,
4,2151,0.201280,0.211579,0.309640,0.277500,
4,2152,0.176889,0.221212,0.273810,0.328089,
4,2153,0.198280,0.206851,0.340277,0.254592,
4,2154,0.252294,0.218407,0.248434,0.280865,
4,2155,0.216747,0.214665,0.251006,0.317582,
4,2156,0.198641,0.190609,0.311003,0.299748,
4,2157,0.252007,0.151112,0.368376,0.228505,
4,2158,0.229699,0.159597,0.322514,0.288190,
4,2159,0.208830,0.226181,0.315595,0.249393,
4,2160,0.306898,0.148474,0.195316,0.349312,
4,2161,0.243208,0.199662,0.265312,0.291818,
4,2162,0.195932,0.218822,0.272917,0.312329,
4,2163,0.159622,0.227860,0.321505,0.291013,
4,2164,0.180888,0.171735,0.360037,0.287341,
4,2165,0.191095,0.208897,0.249766,0.350242,
4,2166,0.170034,0.182830,0.231965,0.415171,
4,2167,0.201970,0.243207,0.286194,0.268630,
4,2168,0.230721,0.212375,0.287555,0.269350,
4,2169,0.217679,0.194990,0.303489,0.283842,
4,2170,0.250973,0.108684,0.260021,0.380323,
4,2171,0.231510,0.209886,0.284068,0.274537,
4,2172,0.195331,0.255099,0.294557,0.255013,
4,2173,0.230645,0.180610,0.331890,0.256854,
4,2174,0.177755,0.237127,0.315353,0.269766,
4,2175,0.209701,0.217399,0.307801,0.265099,
4,2176,0.218356,0.204023,0.335629,0.241991,
4,2177,0.197994,0.216001,0.317798,0.268208,
4,2178,0.212189,0.126691,0.352577,0.308542,
4,2179,0.190065,0.158563,0.289199,0.362173,
4,2180,0.257768,0.178660,0.295720,0.267852,
4,2181,0.201556,0.124310,0.423566,0.250568,
4,2182,0.207828,0.187711,0.342494,0.261967,
4,2183,0.176168,0.208297,0.329626,0.285908,
4,2184,0.249204,0.205646,0.283233,0.261917,
4,2185,0.234688,0.139005,0.315150,0.311157,
4,2186,0.216563,0.211780,0.272329,0.299327,
4,2187,0.219416,0.175110,0.290158,0.315315,
4,2188,0.171442,0.211599,0.340976,0.275983,
4,2189,0.254794,0.168489,0.280029,0.296688,
4,2190,0.178181,0.156344,0.439106,0.226369,
4,2191,0.289798,0.175949,0.235142,0.299111,
4,2192,0.244964,0.207018,0.231275,0.316744,
4,2193,0.198348,0.207227,0.318373,0.276051,
4,2194,0.209076,0.157905,0.297025,0.335995,
4,2195,0.249549,0.213206,0.275589,0.261656,
4,2196,0.251210,0.200727,0.256790,0.291273,
4,2197,0.227617,0.146130,0.235941,0.390313,
4,2198,0.253448,0.159809,0.298376,0.288368,
4,2199,0.189264,0.200290,0.322407,0.288038,
4,2200,0.198999,0.217053,0.316872,0.267075,
4,2201,0.265747,0.132964,0.268050,0.333240,
4,2202,0.226517,0.197057,0.280203,0.296223,
4,2203,0.188641,0.190332,0.347150,0.273876,
4,2204,0.205372,0.205381,0.277818,0.311429,
4,2205,0.230466,0.159476,0.277305,0.332753,
4,2206,0.170717,0.245694,0.305987,0.277602,
4,2207,0.233168,0.235286,0.269441,0.262105,
4,2208,0.202134,0.141520,0.279899,0.376447,
4,2209,0.218867,0.244255,0.282818,0.254060,
4,2210,0.155560,0.201221,0.354493,0.288726,
4,2211,0.186559,0.181420,0.314139,0.317882,
4,2212,0.203174,0.191855,0.234180,0.370792,
4,2213,0.280990,0.103136,0.311484,0.304389,
4,2214,0.213328,0.204139,0.299378,0.283155,
4,2215,0.203817,0.222527,0.315795,0.257860,
4,2216,0.251992,0.129620,0.248828,0.369560,
4,2217,0.226214,0.132021,0.278533,0.363232,
4,2218,0.172012,0.199461,0.319948,0.308579,
4,2219,0.163371,0.263065,0.297464,0.276099,
4,2220,0.283416,0.133410,0.272854,0.310321,
4,2221,0.172401,0.223724,0.311455,0.292421,
4,2222,0.198941,0.099220,0.382824,0.319015,
4,2223,0.173807,0.175818,0.397553,0.252822,
4,2224,0.210827,0.261709,0.263842,0.263623,
4,2225,0.278065,0.182414,0.228493,0.311028,
4,2226,0.219012,0.173726,0.316136,0.291126,
4,2227,0.141492,0.265712,0.314854,0.277942,
4,2228,0.261894,0.201555,0.312276,0.224276,
4,2229,0.176987,0.255691,0.284881,0.282440,
4,2230,0.324694,0.120961,0.292366,0.261979,
4,2231,0.228839,0.223592,0.286749,0.260819,
4,2232,0.183065,0.401417,0.232663,0.182855,
4,2233,0.175726,0.248728,0.315334,0.260212,
4,2234,0.197367,0.210993,0.263537,0.328103,
4,2235,0.191031,0.216393,0.285482,0.307094,
4,2236,0.168366,0.237624,0.312692,0.281318,
4,2237,0.163967,0.155496,0.261222,0.419315,
4,2238,0.209882,0.206344,0.293522,0.290252,
4,2239,0.180120,0.188741,0.354193,0.276947,
4,2240,0.237038,0.181173,0.341100,0.240689,
4,2241,0.202987,0.208179,0.325177,0.263657,
4,2242,0.227745,0.178916,0.306445,0.286894,
4,2243,0.234293,0.202082,0.237798,0.325827,
4,2244,0.181443,0.264506,0.345448,0.208603,
4,2245,0.263921,0.174337,0.263794,0.297948,
4,2246,0.172208,0.342558,0.229264,0.255971,
4,2247,0.228197,0.178563,0.288705,0.304535,
4,2248,0.152066,0.248621,0.319412,0.279901,
4,2249,0.304268,0.147404,0.275859,0.272469,
4,2250,0.150880,0.308952,0.326052,0.214116,
4,2251,0.240126,0.180136,0.306923,0.272815,
4,2252,0.193915,0.274473,0.283271,0.248341,
4,2253,0.225974,0.139181,0.273605,0.361239,
4,2254,0.179884,0.263222,0.268771,0.288123,
4,2255,0.175796,0.245043,0.261426,0.317735,
4,2256,0.226196,0.188116,0.248207,0.337480,
4,2257,0.215236,0.191343,0.270339,0.323082,
4,2258,0.184768,0.202097,0.299368,0.313767,
4,2259,0.259449,0.137608,0.260661,0.342282,
4,2260,0.236964,0.167375,0.292511,0.303149,
4,2261,0.174420,0.223110,0.329112,0.273358,
4,2262,0.170655,0.279372,0.306221,0.243753,
4,2263,0.268286,0.136399,0.296800,0.298515,
4,2264,0.232555,0.200985,0.309368,0.257092,
4,2265,0.274241,0.142506,0.258499,0.324754,
4,2266,0.208886,0.182218,0.263560,0.345336,
4,2267,0.149894,0.115557,0.303462,0.431087,
4,2268,0.232664,0.166703,0.272104,0.328529,
4,2269,0.274186,0.133845,0.256473,0.335496,
4,2270,0.197251,0.166111,0.321717,0.314920,
4,2271,0.198529,0.196040,0.294558,0.310874,
4,2272,0.248589,0.181186,0.283155,0.287069,
4,2273,0.321766,0.157514,0.283120,0.237600,
4,2274,0.245498,0.144791,0.248188,0.361523,
4,2275,0.250029,0.220005,0.268645,0.261321,
4,2276,0.237525,0.133926,0.276771,0.351778,
4,2277,0.219491,0.204125,0.287592,0.288792,
4,2278,0.393796,0.139354,0.265386,0.201464,
4,2279,0.234322,0.209601,0.238385,0.317692,
4,2280,0.328405,0.173841,0.259702,0.238052,
4,2281,0.193310,0.248483,0.279393,0.278814,
4,2282,0.196191,0.245054,0.313115,0.245640,
4,2283,0.273668,0.157253,0.274978,0.294101,
4,2284,0.204820,0.273217,0.247821,0.274142,
4,2285,0.190138,0.205696,0.344138,0.260028,
4,2286,0.157940,0.259079,0.317280,0.265701,
4,2287,0.248954,0.187874,0.306214,0.256959,
4,2288,0.193750,0.189696,0.337176,0.279378,
4,2289,0.217380,0.171879,0.326717,0.284025,
4,2290,0.238836,0.188169,0.310223,0.262772,
4,2291,0.248816,0.204805,0.269930,0.276449,
4,2292,0.221139,0.209432,0.265021,0.304408,
4,2293,0.208337,0.175523,0.336101,0.280038,
4,2294,0.270074,0.170875,0.290736,0.268316,
4,2295,0.174059,0.223511,0.326932,0.275498,
4,2296,0.185196,0.206286,0.337976,0.270542,
4,2297,0.251525,0.187485,0.240862,0.320128,
4,2298,0.186435,0.239651,0.276794,0.297120,
4,2299,0.239459,0.164764,0.280656,0.315121,
4,2300,0.264838,0.131983,0.271650,0.331529,
4,2301,0.205120,0.204619,0.295646,0.294615,
4,2302,0.269165,0.138380,0.271986,0.320468,
4,2303,0.154455,0.163829,0.255906,0.425809,
4,2304,0.229961,0.199940,0.309749,0.260351,
4,2305,0.234830,0.149995,0.260251,0.354924,
4,2306,0.235334,0.191011,0.297129,0.276526,
4,2307,0.178819,0.221967,0.276304,0.322910,
4,2308,0.192511,0.158434,0.305440,0.343614,
4,2309,0.164303,0.192820,0.245691,0.397186,
4,2310,0.225273,0.143150,0.308142,0.323435,
4,2311,0.255465,0.202219,0.236294,0.306022,
4,2312,0.224496,0.193225,0.288279,0.294000,
4,2313,0.262469,0.106804,0.291793,0.338934,
4,2314,0.203307,0.203044,0.264445,0.329204,
4,2315,0.198131,0.259807,0.284710,0.257352,
4,2316,0.224818,0.162508,0.342763,0.269911,
4,2317,0.210261,0.147890,0.271817,0.370032,
4,2318,0.212867,0.167939,0.338379,0.280816,
4,2319,0.180926,0.296541,0.279200,0.243333,
4,2320,0.272960,0.119450,0.289803,0.317787,
4,2321,0.217430,0.219135,0.251258,0.312176,
4,2322,0.216666,0.193704,0.309106,0.280525,
4,2323,0.237640,0.193536,0.293469,0.275355,
4,2324,0.191263,0.225017,0.298366,0.285354,
4,2325,0.258740,0.189440,0.245098,0.306722,
4,2326,0.224201,0.145977,0.252313,0.377509,
4,2327,0.220825,0.162530,0.268140,0.348505,
4,2328,0.241217,0.187692,0.297204,0.273887,
4,2329,0.318486,0.112208,0.256792,0.312515,
4,2330,0.217613,0.225447,0.271776,0.285164,
4,2331,0.194257,0.282594,0.289415,0.233734,
4,2332,0.238533,0.204317,0.272557,0.284593,
4,2333,0.207632,0.174208,0.291268,0.326893,
4,2334,0.202769,0.218096,0.287062,0.292074,
4,2335,0.140703,0.232045,0.330081,0.297172,
4,2336,0.187225,0.261292,0.332596,0.218886,
4,2337,0.187055,0.180510,0.332837,0.299598,
4,2338,0.240078,0.135617,0.310621,0.313683,
4,2339,0.259586,0.136975,0.245841,0.357599,
4,2340,0.171859,0.202016,0.347139,0.278985,
4,2341,0.325736,0.112496,0.215189,0.346578,
4,2342,0.229213,0.264804,0.237598,0.268385,
4,2343,0.200962,0.182039,0.270254,0.346746,
4,2344,0.217032,0.207624,0.252025,0.323319,
4,2345,0.161829,0.353398,0.248247,0.236526,
4,2346,0.214802,0.196941,0.285213,0.303044,
4,2347,0.230301,0.194171,0.305200,0.270328,
4,2348,0.199567,0.254096,0.265973,0.280363,
4,2349,0.251451,0.120245,0.312287,0.316017,
4,2350,0.276622,0.176092,0.231805,0.315481,
4,2351,0.224850,0.182089,0.340831,0.252230,
4,2352,0.300037,0.145929,0.265539,0.288495,
4,2353,0.181492,0.168969,0.347186,0.302354,
4,2354,0.208736,0.192142,0.329171,0.269952,
4,2355,0.210031,0.215932,0.274654,0.299382,
4,2356,0.262921,0.140082,0.326422,0.270575,
4,2357,0.192890,0.270479,0.310253,0.226378,
4,2358,0.207354,0.194129,0.326405,0.272112,
4,2359,0.207354,0.182423,0.285929,0.324293,
4,2360,0.232846,0.151414,0.273010,0.342730,
4,2361,0.153295,0.294136,0.297570,0.254998,
4,2362,0.330878,0.091229,0.271167,0.306725,
4,2363,0.151053,0.325630,0.314134,0.209182,
4,2364,0.162322,0.269509,0.294960,0.273209,
4,2365,0.193469,0.192019,0.316504,0.298007,
4,2366,0.194864,0.199860,0.388540,0.216736,
4,2367,0.261292,0.116843,0.301853,0.320012,
4,2368,0.225722,0.179335,0.279666,0.315277,
4,2369,0.203242,0.193259,0.292851,0.310648,
4,2370,0.276834,0.178059,0.231454,0.313653,
4,2371,0.300876,0.122395,0.284366,0.292363,
4,2372,0.183029,0.263933,0.340754,0.212284,
4,2373,0.185814,0.248117,0.312971,0.253099,
4,2374,0.227125,0.184535,0.269349,0.318991,
4,2375,0.249417,0.193699,0.324450,0.232435,
4,2376,0.256855,0.180152,0.320809,0.242183,
4,2377,0.202967,0.222658,0.264212,0.310163,
4,2378,0.181195,0.226816,0.302146,0.289844,
4,2379,0.181861,0.109403,0.327420,0.381315,
4,2380,0.185746,0.217294,0.321389,0.275571,
4,2381,0.163575,0.272168,0.317773,0.246485,
4,2382,0.351654,0.118374,0.282205,0.247767,
4,2383,0.268360,0.154329,0.257044,0.320268,
4,2384,0.164887,0.242853,0.277029,0.315232,
4,2385,0.188342,0.151270,0.343372,0.317016,
4,2386,0.197078,0.253503,0.284144,0.265274,
4,2387,0.277094,0.124464,0.278796,0.319646,
4,2388,0.189727,0.186039,0.344729,0.279505,
4,2389,0.234921,0.131195,0.321774,0.312110,
4,2390,0.180365,0.210094,0.325124,0.284417,
4,2391,0.194220,0.195560,0.281024,0.329196,
4,2392,0.212766,0.210820,0.293102,0.283313,
4,2393,0.225152,0.215422,0.330471,0.228955,
4,2394,0.180863,0.278878,0.305121,0.235137,
4,2395,0.193612,0.139016,0.303209,0.364163,
4,2396,0.163812,0.274600,0.294143,0.267445,
4,2397,0.240038,0.177373,0.218946,0.363643,
4,2398,0.184419,0.226600,0.286009,0.302972,
4,2399,0.264406,0.164741,0.291847,0.279006,
4,2400,0.240577,0.163209,0.286141,0.310074,
4,2401,0.241761,0.178171,0.280050,0.300018,
4,2402,0.195781,0.162506,0.268848,0.372864,
4,2403,0.181994,0.259968,0.261349,0.296689,
4,2404,0.220069,0.177477,0.296016,0.306438,
4,2405,0.151953,0.092379,0.423970,0.331698,
4,2406,0.230794,0.179315,0.281497,0.308394,
4,2407,0.228114,0.167161,0.262853,0.341872,
4,2408,0.168101,0.277007,0.249715,0.305177,
4,2409,0.180932,0.259763,0.303445,0.255861,
4,2410,0.185095,0.196067,0.332008,0.286830,
4,2411,0.239476,0.164138,0.323530,0.272856,
4,2412,0.245144,0.230965,0.245035,0.278856,
4,2413,0.223228,0.185770,0.311741,0.279262,
4,2414,0.336084,0.115736,0.263634,0.284547,
4,2415,0.195868,0.204104,0.280803,0.319225,
4,2416,0.165917,0.203613,0.287413,0.343057,
4,2417,0.169215,0.154529,0.281268,0.394987,
4,2418,0.188601,0.214123,0.261913,0.335364,
4,2419,0.220808,0.186349,0.308588,0.284254,
4,2420,0.193475,0.187103,0.324172,0.295250,
4,2421,0.331691,0.142681,0.247379,0.278249,
4,2422,0.206130,0.174621,0.328359,0.290889,
4,2423,0.219141,0.188093,0.271906,0.320859,
4,2424,0.210525,0.090597,0.297072,0.401805,
4,2425,0.221388,0.143604,0.295041,0.339967,
4,2426,0.200468,0.306135,0.304699,0.188697,
4,2427,0.186933,0.302122,0.263237,0.247707,
4,2428,0.169045,0.247271,0.273888,0.309796,
4,2429,0.178479,0.164975,0.396177,0.260369,
4,2430,0.229868,0.148655,0.277251,0.344225,
4,2431,0.238710,0.183753,0.268985,0.308553,
4,2432,0.176704,0.306562,0.305370,0.211365,
4,2433,0.217127,0.223325,0.290999,0.268549,
4,2434,0.289884,0.227308,0.218744,0.264064,
4,2435,0.222723,0.119873,0.343009,0.314396,
4,2436,0.197266,0.182525,0.250509,0.369700,
4,2437,0.276796,0.142156,0.272992,0.308056,
4,2438,0.143279,0.316066,0.257580,0.283074,
4,2439,0.212177,0.150654,0.287919,0.349249,
4,2440,0.205369,0.185120,0.248830,0.360681,
4,2441,0.311473,0.103193,0.310107,0.275227,
4,2442,0.280460,0.155885,0.241819,0.321837,
4,2443,0.256752,0.191509,0.292269,0.259470,
4,2444,0.151453,0.234617,0.287114,0.326816,
4,2445,0.205382,0.194606,0.319363,0.280648,
4,2446,0.178924,0.263299,0.299427,0.258350,
4,2447,0.132007,0.270941,0.323654,0.273398,
4,2448,0.149680,0.220528,0.289409,0.340382,
4,2449,0.231232,0.203513,0.342213,0.223042,
4,2450,0.231332,0.224314,0.252474,0.291880,
4,2451,0.236037,0.222930,0.313036,0.227997,
4,2452,0.195932,0.280607,0.305214,0.218246,
4,2453,0.185589,0.182007,0.275206,0.357198,
4,2454,0.246845,0.226048,0.219346,0.307761,
4,2455,0.156598,0.278236,0.342868,0.222298,
4,2456,0.230776,0.206686,0.264778,0.297760,
4,2457,0.194011,0.204396,0.339986,0.261608,
4,2458,0.195637,0.143883,0.329229,0.331251,
4,2459,0.245187,0.092869,0.299464,0.362480,
4,2460,0.185213,0.201795,0.288245,0.324747,
4,2461,0.231536,0.176110,0.301352,0.291002,
4,2462,0.178560,0.213745,0.291548,0.316147,
4,2463,0.209531,0.217221,0.298290,0.274958,
4,2464,0.218870,0.112927,0.286154,0.382048,
4,2465,0.229567,0.179147,0.302459,0.288827,
4,2466,0.293806,0.205436,0.249179,0.251579,
4,2467,0.182153,0.240112,0.326821,0.250914,
4,2468,0.238947,0.147174,0.276059,0.337820,
4,2469,0.188169,0.187169,0.309791,0.314871,
4,2470,0.225238,0.120525,0.309507,0.344730,
4,2471,0.225879,0.197444,0.257067,0.319610,
4,2472,0.296180,0.157875,0.262718,0.283227,
4,2473,0.201707,0.154440,0.299251,0.344603,
4,2474,0.209108,0.123054,0.370528,0.297309,
4,2475,0.204620,0.270118,0.253172,0.272090,
4,2476,0.196198,0.191744,0.311725,0.300333,
4,2477,0.224299,0.210665,0.282828,0.282208,
4,2478,0.232029,0.127350,0.300335,0.340286,
4,2479,0.198100,0.235479,0.279899,0.286522,
4,2480,0.324567,0.118913,0.279649,0.276871,
4,2481,0.181170,0.182122,0.312802,0.323905,
4,2482,0.265607,0.161824,0.249370,0.323199,
4,2483,0.182057,0.211035,0.320648,0.286261,
4,2484,0.269430,0.126019,0.304687,0.299864,
4,2485,0.176084,0.235435,0.292742,0.295739,
4,2486,0.196749,0.183215,0.313410,0.306626,
4,2487,0.220468,0.191793,0.237311,0.350429,
4,2488,0.169347,0.165354,0.295813,0.369486,
4,2489,0.336698,0.101847,0.262660,0.298796,
4,2490,0.330828,0.165411,0.208826,0.294935,
4,2491,0.325804,0.142811,0.269593,0.261792,
4,2492,0.182736,0.155296,0.345420,0.316548,
4,2493,0.228438,0.222766,0.259298,0.289497,
4,2494,0.264638,0.137084,0.234971,0.363307,
4,2495,0.225806,0.184543,0.244400,0.345252,
4,2496,0.143555,0.150403,0.275826,0.430216,
4,2497,0.238281,0.277218,0.284705,0.199795,
4,2498,0.215174,0.125406,0.270447,0.388974,
4,2499,0.236084,0.196434,0.282461,0.285021,
4,2500,0.178001,0.137189,0.424958,0.259851,
4,2501,0.265890,0.186084,0.244313,0.303713,
4,2502,0.211564,0.237891,0.292641,0.257903,
4,2503,0.240414,0.175536,0.246036,0.338015,
4,2504,0.225115,0.215051,0.251669,0.308165,
4,2505,0.251612,0.189275,0.321993,0.237121,
4,2506,0.244163,0.208104,0.255231,0.292503,
4,2507,0.216400,0.225837,0.245253,0.312510,
4,2508,0.265594,0.201859,0.261656,0.270891,
4,2509,0.200783,0.150647,0.346988,0.301582,
4,2510,0.190984,0.196291,0.340022,0.272703,
4,2511,0.175396,0.220078,0.335457,0.269069,
4,2512,0.216572,0.239759,0.296282,0.247387,
4,2513,0.223654,0.197518,0.331546,0.247282,
4,2514,0.193212,0.139906,0.361695,0.305187,
4,2515,0.197012,0.178588,0.276664,0.347736,
4,2516,0.209957,0.153214,0.264977,0.371852,
4,2517,0.186509,0.244256,0.299737,0.269498,
4,2518,0.165229,0.263809,0.289862,0.281100,
4,2519,0.250640,0.182411,0.280072,0.286877,
4,2520,0.200214,0.193409,0.313302,0.293075,
4,2521,0.250294,0.214417,0.265525,0.269764,
4,2522,0.250878,0.272536,0.239869,0.236717,
4,2523,0.205213,0.336008,0.220174,0.238605,
4,2524,0.215682,0.133907,0.315046,0.335364,
4,2525,0.199829,0.188306,0.334840,0.277025,
4,2526,0.218154,0.164823,0.303109,0.313914,
4,2527,0.179391,0.134100,0.301733,0.384776,
4,2528,0.276042,0.118060,0.323350,0.282548,
4,2529,0.310626,0.122708,0.270555,0.296111,
4,2530,0.208555,0.185692,0.298223,0.307530,
4,2531,0.227339,0.161560,0.304859,0.306242,
4,2532,0.227915,0.149412,0.262290,0.360382,
4,2533,0.238232,0.174568,0.303958,0.283241,
4,2534,0.203828,0.247495,0.281049,0.267628,
4,2535,0.273451,0.176598,0.244845,0.305106,
4,2536,0.181229,0.240383,0.292520,0.285868,
4,2537,0.315072,0.143143,0.308754,0.233031,
4,2538,0.213569,0.177299,0.288197,0.320935,
4,2539,0.318699,0.145430,0.274844,0.261027,
4,2540,0.238526,0.227534,0.310514,0.223426,
4,2541,0.157560,0.192984,0.387766,0.261690,
4,2542,0.183047,0.299165,0.256164,0.261624,
4,2543,0.251494,0.162869,0.258925,0.326712,
4,2544,0.223805,0.171212,0.359022,0.245960,
4,2545,0.189704,0.287773,0.281000,0.241522,
4,2546,0.263520,0.143978,0.258894,0.333608,
4,2547,0.193106,0.207777,0.299051,0.300066,
4,2548,0.175386,0.223844,0.372923,0.227847,
4,2549,0.227538,0.145929,0.319427,0.307106,
4,2550,0.246361,0.257171,0.218690,0.277778,
4,2551,0.320906,0.161889,0.215892,0.301313,
4,2552,0.215566,0.185804,0.321922,0.276708,
4,2553,0.169959,0.281618,0.284329,0.264095,
4,2554,0.215061,0.220949,0.284864,0.279126,
4,2555,0.207803,0.220373,0.239188,0.332636,
4,2556,0.188764,0.157823,0.349251,0.304162,
4,2557,0.296161,0.184415,0.246046,0.273377,
4,2558,0.198859,0.130451,0.353601,0.317089,
4,2559,0.402282,0.116286,0.275054,0.206378,
4,2560,0.244616,0.185555,0.266872,0.302957,
4,2561,0.219729,0.158539,0.237900,0.383833,
4,2562,0.228873,0.193997,0.318067,0.259064,
4,2563,0.221666,0.168086,0.334013,0.276235,
4,2564,0.184476,0.170499,0.340492,0.304533,
4,2565,0.294846,0.140704,0.254592,0.309858,
4,2566,0.219494,0.190426,0.265193,0.324886,
4,2567,0.298067,0.141835,0.255612,0.304486,
4,2568,0.301845,0.107392,0.352333,0.238430,
4,2569,0.199949,0.248779,0.263219,0.288054,
4,2570,0.287513,0.205940,0.294245,0.212302,
4,2571,0.230782,0.215612,0.286431,0.267175,
4,2572,0.207159,0.148486,0.258647,0.385708,
4,2573,0.184665,0.223896,0.340834,0.250605,
4,2574,0.172286,0.214724,0.352637,0.260352,
4,2575,0.181879,0.202722,0.323451,0.291949,
4,2576,0.235819,0.194807,0.301142,0.268231,
4,2577,0.200759,0.213322,0.302933,0.282986,
4,2578,0.153415,0.294755,0.343411,0.208419,
4,2579,0.217864,0.208299,0.333242,0.240595,
4,2580,0.259898,0.098294,0.307824,0.333984,
4,2581,0.215041,0.176824,0.329251,0.278883,
4,2582,0.301656,0.190636,0.265359,0.242348,
4,2583,0.178430,0.168616,0.311338,0.341616,
4,2584,0.203797,0.226338,0.288146,0.281719,
4,2585,0.225544,0.225379,0.304016,0.245061,
4,2586,0.246641,0.202866,0.317114,0.233378,
4,2587,0.195385,0.205930,0.322243,0.276442,
4,2588,0.295723,0.205003,0.245926,0.253348,
4,2589,0.182757,0.192762,0.308520,0.315960,
4,2590,0.226468,0.176772,0.255200,0.341561,
4,2591,0.217366,0.152230,0.303514,0.326890,
4,2592,0.152642,0.190637,0.354127,0.302594,
4,2593,0.204143,0.192223,0.264259,0.339375,
4,2594,0.232725,0.203441,0.247014,0.316821,
4,2595,0.213199,0.219609,0.282844,0.284348,
4,2596,0.243956,0.157709,0.263319,0.335016,
4,2597,0.191904,0.110707,0.354149,0.343240,
4,2598,0.298921,0.135618,0.244599,0.320862,
4,2599,0.222633,0.199498,0.283688,0.294181,
4,2600,0.250377,0.163250,0.235140,0.351233,
4,2601,0.232671,0.208496,0.228202,0.330631,
4,2602,0.170871,0.263128,0.283490,0.282511,
4,2603,0.191465,0.218590,0.312074,0.277870,
4,2604,0.217885,0.184270,0.280937,0.316909,
4,2605,0.344575,0.112371,0.283882,0.259173,
4,2606,0.161497,0.294390,0.275249,0.268865,
4,2607,0.150941,0.274982,0.303615,0.270462,
4,2608,0.184305,0.268426,0.288184,0.259085,
4,2609,0.201874,0.189008,0.333328,0.275790,
4,2610,0.202288,0.200209,0.260543,0.336960,
4,2611,0.203631,0.252377,0.301292,0.242700,
4,2612,0.186678,0.203404,0.281705,0.328213,
4,2613,0.275461,0.194659,0.281613,0.248268,
4,2614,0.202130,0.209933,0.314810,0.273127,
4,2615,0.173412,0.213990,0.363573,0.249025,
4,2616,0.324783,0.160109,0.257683,0.257425,
4,2617,0.292733,0.177386,0.279023,0.250859,
4,2618,0.352387,0.112156,0.268878,0.266579,
4,2619,0.206339,0.213877,0.276998,0.302785,
4,2620,0.175500,0.196978,0.348410,0.279112,
4,2621,0.237865,0.148280,0.269130,0.344725,
4,2622,0.220106,0.283255,0.293646,0.202993,
4,2623,0.195005,0.223153,0.300413,0.281429,
4,2624,0.251659,0.188910,0.276468,0.282963,
4,2625,0.160322,0.276573,0.348702,0.214403,
4,2626,0.157651,0.339313,0.249175,0.253861,
4,2627,0.200346,0.144394,0.256749,0.398510,
4,2628,0.172926,0.131262,0.369100,0.326711,
4,2629,0.183427,0.209624,0.319550,0.287399,
4,2630,0.210727,0.132835,0.377279,0.279160,
4,2631,0.160048,0.241311,0.290502,0.308139,
4,2632,0.201878,0.242825,0.337498,0.217799,
4,2633,0.214221,0.171418,0.298513,0.315848,
4,2634,0.215330,0.212389,0.285307,0.286975,
4,2635,0.173844,0.192873,0.371126,0.262158,
4,2636,0.194435,0.266156,0.268992,0.270418,
4,2637,0.220310,0.187939,0.296674,0.295076,
4,2638,0.246979,0.101109,0.237628,0.414284,
4,2639,0.216717,0.177039,0.339500,0.266745,
4,2640,0.259017,0.237866,0.240112,0.263005,
4,2641,0.290326,0.150917,0.287227,0.271530,
4,2642,0.236782,0.143709,0.253246,0.366263,
4,2643,0.189530,0.192066,0.299155,0.319248,
4,2644,0.212301,0.178578,0.248458,0.360663,
4,2645,0.151715,0.215897,0.326302,0.306085,
4,2646,0.177692,0.163386,0.382795,0.276126,
4,2647,0.199561,0.275084,0.271885,0.253470,
4,2648,0.185804,0.114120,0.368177,0.331899,
4,2649,0.197169,0.226134,0.255276,0.321422,
4,2650,0.260046,0.147446,0.307783,0.284725,
4,2651,0.163705,0.213289,0.324980,0.298026,
4,2652,0.232039,0.191517,0.321393,0.255051,
4,2653,0.233082,0.188394,0.260785,0.317740,
4,2654,0.228895,0.207260,0.302851,0.260995,
4,2655,0.260398,0.194871,0.233333,0.311398,
4,2656,0.195325,0.169175,0.335123,0.300377,
4,2657,0.181002,0.276754,0.305070,0.237174,
4,2658,0.196795,0.152659,0.232663,0.417882,
4,2659,0.143492,0.305003,0.311925,0.239579,
4,2660,0.227107,0.202947,0.250860,0.319086,
4,2661,0.184275,0.164001,0.270248,0.381476,
4,2662,0.225304,0.224286,0.259949,0.290461,
4,2663,0.210763,0.162407,0.292305,0.334524,
4,2664,0.156923,0.352043,0.257527,0.233508,
4,2665,0.236481,0.161599,0.310143,0.291777,
4,2666,0.206879,0.119482,0.386373,0.287266,
4,2667,0.225210,0.193527,0.247044,0.334220,
4,2668,0.263587,0.091407,0.331711,0.313295,
4,2669,0.155805,0.240694,0.303947,0.299555,
4,2670,0.169684,0.185000,0.252785,0.392532,
4,2671,0.238075,0.210326,0.254366,0.297233,
4,2672,0.190785,0.220877,0.289031,0.299307,
4,2673,0.194291,0.279793,0.284097,0.241818,
4,2674,0.149472,0.238931,0.372577,0.239020,
4,2675,0.235691,0.193714,0.297864,0.272732,
4,2676,0.241787,0.189774,0.254683,0.313756,
4,2677,0.203015,0.136319,0.345673,0.314992,
4,2678,0.183139,0.257626,0.304948,0.254287,
4,2679,0.219190,0.247425,0.226145,0.307239,
4,2680,0.136596,0.267121,0.306404,0.289878,
4,2681,0.237027,0.212418,0.242040,0.308515,
4,2682,0.256913,0.154621,0.302599,0.285867,
4,2683,0.291579,0.125859,0.293300,0.289263,
4,2684,0.240419,0.197878,0.258530,0.303174,
4,2685,0.268124,0.128387,0.331697,0.271793,
4,2686,0.192569,0.250913,0.311358,0.245161,
4,2687,0.160011,0.232235,0.292459,0.315295,
4,2688,0.236561,0.122242,0.333424,0.307772,
4,2689,0.265142,0.188896,0.321425,0.224537,
4,2690,0.217145,0.222512,0.243468,0.316875,
4,2691,0.185512,0.221804,0.330582,0.262102,
4,2692,0.246382,0.132321,0.286195,0.335103,
4,2693,0.223456,0.227021,0.261287,0.288236,
4,2694,0.306676,0.127796,0.280421,0.285107,
4,2695,0.182405,0.196178,0.311686,0.309732,
4,2696,0.262267,0.215427,0.205081,0.317225,
4,2697,0.145987,0.238270,0.346658,0.269085,
4,2698,0.259275,0.181412,0.297282,0.262031,
4,2699,0.254828,0.184878,0.291484,0.268811,
4,2700,0.281507,0.128429,0.281989,0.308075,
4,2701,0.341222,0.164584,0.222949,0.271245,
4,2702,0.225295,0.185621,0.292385,0.296699,
4,2703,0.286385,0.118068,0.290382,0.305165,
4,2704,0.317815,0.106098,0.331899,0.244188,
4,2705,0.247513,0.188605,0.244381,0.319501,
4,2706,0.267650,0.218860,0.240761,0.272729,
4,2707,0.247849,0.190627,0.263058,0.298465,
4,2708,0.145253,0.322140,0.279643,0.252964,
4,2709,0.179329,0.197594,0.249312,0.373765,
4,2710,0.215881,0.169549,0.273133,0.341436,
4,2711,0.149843,0.215387,0.318705,0.316065,
4,2712,0.224200,0.202960,0.318808,0.254032,
4,2713,0.229919,0.200091,0.289050,0.280939,
4,2714,0.164770,0.205066,0.334329,0.295835,
4,2715,0.158492,0.260937,0.363110,0.217462,
4,2716,0.227823,0.145072,0.230192,0.396913,
4,2717,0.307088,0.100990,0.264479,0.327443,
4,2718,0.153734,0.317834,0.289949,0.238483,
4,2719,0.176073,0.193594,0.321906,0.308428,
4,2720,0.190163,0.256084,0.303747,0.250006,
4,2721,0.267980,0.218817,0.300826,0.212377,
4,2722,0.263489,0.209709,0.247403,0.279399,
4,2723,0.189102,0.163660,0.294092,0.353146,
4,2724,0.248823,0.239917,0.229967,0.281293,
4,2725,0.250094,0.101519,0.312061,0.336325,
4,2726,0.199903,0.283347,0.257260,0.259490,
4,2727,0.208579,0.205596,0.319006,0.266819,
4,2728,0.255908,0.152635,0.266713,0.324744,
4,2729,0.160525,0.215552,0.352818,0.271105,
4,2730,0.220008,0.206887,0.309262,0.263843,
4,2731,0.275376,0.141672,0.251364,0.331588,
4,2732,0.165166,0.212763,0.349206,0.272865,
4,2733,0.236648,0.207920,0.286654,0.268777,
4,2734,0.229562,0.174879,0.325163,0.270397,
4,2735,0.219835,0.196809,0.309895,0.273461,
4,2736,0.184919,0.219872,0.320026,0.275183,
4,2737,0.201678,0.177294,0.269152,0.351876,
4,2738,0.164508,0.210944,0.310054,0.314494,
4,2739,0.179452,0.309216,0.266050,0.245282,
4,2740,0.200564,0.246283,0.296825,0.256328,
4,2741,0.172680,0.198815,0.319221,0.309284,
4,2742,0.174143,0.130036,0.391760,0.304061,
4,2743,0.178951,0.223400,0.288250,0.309400,
4,2744,0.204095,0.207874,0.285952,0.302079,
4,2745,0.294599,0.136845,0.288425,0.280131,
4,2746,0.182594,0.228675,0.307621,0.281110,
4,2747,0.186791,0.217625,0.326008,0.269575,
4,2748,0.263493,0.151844,0.293978,0.290685,
4,2749,0.224063,0.160296,0.338949,0.276692,
4,2750,0.254004,0.200552,0.274024,0.271420,
4,2751,0.234196,0.203492,0.249735,0.312576,
4,2752,0.284882,0.227947,0.257339,0.229832,
4,2753,0.223145,0.247119,0.294963,0.234773,
4,2754,0.217678,0.225982,0.304385,0.251955,
4,2755,0.208455,0.183276,0.267709,0.340560,
4,2756,0.250884,0.211673,0.243186,0.294258,
4,2757,0.195054,0.182263,0.241881,0.380803,
4,2758,0.200662,0.193589,0.374654,0.231095,
4,2759,0.184600,0.238888,0.311522,0.264991,
4,2760,0.278292,0.130532,0.250692,0.340483,
4,2761,0.246958,0.223473,0.222022,0.307548,
4,2762,0.200510,0.203472,0.337395,0.258623,
4,2763,0.194840,0.234084,0.289965,0.281111,
4,2764,0.197060,0.196249,0.273595,0.333096,
4,2765,0.263812,0.228548,0.262812,0.244828,
4,2766,0.197644,0.189973,0.328785,0.283598,
4,2767,0.197700,0.171949,0.340627,0.289723,
4,2768,0.266526,0.152034,0.274417,0.307023,
4,2769,0.200243,0.240127,0.322816,0.236814,
4,2770,0.231023,0.150726,0.311266,0.306985,
4,2771,0.195621,0.234049,0.274656,0.295674,
4,2772,0.170627,0.262968,0.277042,0.289364,
4,2773,0.195176,0.194598,0.343761,0.266465,
4,2774,0.191072,0.212691,0.327883,0.268354,
4,2775,0.201553,0.224291,0.305566,0.268590,
4,2776,0.213469,0.213120,0.227396,0.346015,
4,2777,0.231692,0.185610,0.310613,0.272085,
4,2778,0.210042,0.192141,0.239426,0.358391,
4,2779,0.181333,0.236381,0.306705,0.275581,
4,2780,0.174176,0.220877,0.302786,0.302162,
4,2781,0.203266,0.211515,0.260606,0.324612,
4,2782,0.153224,0.193202,0.322520,0.331054,
4,2783,0.325315,0.120582,0.303844,0.250259,
4,2784,0.205701,0.281301,0.307228,0.205770,
4,2785,0.297501,0.093720,0.303038,0.305741,
4,2786,0.240368,0.192126,0.312222,0.255284,
4,2787,0.223558,0.185507,0.240822,0.350113,
4,2788,0.225595,0.224119,0.295921,0.254366,
4,2789,0.183822,0.245057,0.296548,0.274572,
4,2790,0.157196,0.267625,0.299000,0.276179,
4,2791,0.255613,0.156263,0.275212,0.312911,
4,2792,0.287527,0.152017,0.240748,0.319708,
4,2793,0.290525,0.114418,0.274353,0.320705,
4,2794,0.258024,0.126594,0.306083,0.309298,
4,2795,0.197819,0.191040,0.332713,0.278428,
4,2796,0.230008,0.149291,0.314601,0.306100,
4,2797,0.175822,0.129902,0.381806,0.312470,
4,2798,0.252605,0.128724,0.272964,0.345707,
4,2799,0.265020,0.197233,0.244200,0.293547,
4,2800,0.267709,0.164992,0.260416,0.306883,
4,2801,0.181435,0.148102,0.293876,0.376586,
4,2802,0.206802,0.226339,0.288832,0.278027,
4,2803,0.221084,0.169539,0.251341,0.358037,
4,2804,0.250817,0.110402,0.298132,0.340649,
4,2805,0.231690,0.193938,0.328047,0.246325,
4,2806,0.170505,0.258053,0.278601,0.292842,
4,2807,0.224975,0.168464,0.307104,0.299457,
4,2808,0.182222,0.249067,0.311594,0.257117,
4,2809,0.241996,0.179924,0.290982,0.287098,
4,2810,0.167861,0.245980,0.340613,0.245546,
4,2811,0.254213,0.188958,0.229153,0.327676,
4,2812,0.383291,0.125968,0.231003,0.259738,
4,2813,0.202322,0.199413,0.262361,0.335905,
4,2814,0.244487,0.209816,0.288121,0.257576,
4,2815,0.261370,0.118249,0.336358,0.284023,
4,2816,0.184045,0.189551,0.318306,0.308098,
4,2817,0.262604,0.099078,0.259906,0.378411,
4,2818,0.172301,0.288526,0.301460,0.237713,
4,2819,0.230233,0.172408,0.284510,0.312849,
4,2820,0.286216,0.155879,0.271635,0.286270,
4,2821,0.235171,0.161117,0.216716,0.386995,
4,2822,0.311308,0.137975,0.218765,0.331952,
4,2823,0.231217,0.220340,0.278167,0.270276,
4,2824,0.203770,0.168547,0.279738,0.347945,
4,2825,0.271074,0.156462,0.284251,0.288213,
4,2826,0.170332,0.200332,0.291514,0.337821,
4,2827,0.170085,0.260761,0.286327,0.282826,
4,2828,0.207179,0.157097,0.281863,0.353861,
4,2829,0.284688,0.139282,0.275246,0.300784,
4,2830,0.236886,0.152278,0.270177,0.340659,
4,2831,0.188419,0.193541,0.236516,0.381523,
4,2832,0.242091,0.207457,0.298664,0.251788,
4,2833,0.231411,0.167629,0.272940,0.328020,
4,2834,0.185505,0.143242,0.411675,0.259578,
4,2835,0.228431,0.155342,0.283847,0.332380,
4,2836,0.208810,0.231718,0.313081,0.246391,
4,2837,0.214540,0.159173,0.281447,0.344840,
4,2838,0.197772,0.275440,0.286371,0.240417,
4,2839,0.187075,0.303452,0.263249,0.246225,
4,2840,0.222385,0.180171,0.306182,0.291263,
4,2841,0.166327,0.181867,0.345032,0.306774,
4,2842,0.276941,0.192674,0.264788,0.265598,
4,2843,0.310553,0.128584,0.265545,0.295317,
4,2844,0.268044,0.196883,0.270712,0.264361,
4,2845,0.150034,0.288551,0.280726,0.280689,
4,2846,0.242527,0.112023,0.359922,0.285528,
4,2847,0.250247,0.196499,0.224326,0.328928,
4,2848,0.201880,0.215947,0.316225,0.265947,
4,2849,0.187941,0.170165,0.225841,0.416052,
4,2850,0.203823,0.285123,0.297331,0.213723,
4,2851,0.226719,0.179247,0.306729,0.287305,
4,2852,0.228340,0.211526,0.271441,0.288693,
4,2853,0.228002,0.226168,0.297896,0.247934,
4,2854,0.272511,0.185208,0.291642,0.250639,
4,2855,0.196078,0.204771,0.265684,0.333468,
4,2856,0.139044,0.252341,0.309569,0.299046,
4,2857,0.233342,0.161485,0.250460,0.354714,
4,2858,0.228998,0.172359,0.264358,0.334286,
4,2859,0.194625,0.252401,0.333278,0.219696,
4,2860,0.248024,0.138739,0.269600,0.343638,
4,2861,0.208439,0.230894,0.286368,0.274299,
4,2862,0.204192,0.172982,0.258819,0.364008,
4,2863,0.189771,0.220886,0.286173,0.303170,
4,2864,0.217161,0.165009,0.334834,0.282996,
4,2865,0.292592,0.149322,0.305061,0.253025,
4,2866,0.235087,0.163332,0.311383,0.290198,
4,2867,0.149724,0.249130,0.316171,0.284976,
4,2868,0.253647,0.187186,0.290536,0.268632,
4,2869,0.153588,0.259048,0.286146,0.301218,
4,2870,0.221077,0.179220,0.332326,0.267377,
4,2871,0.209215,0.184070,0.271067,0.335649,
4,2872,0.187618,0.237736,0.290166,0.284481,
4,2873,0.286564,0.127839,0.311104,0.274494,
4,2874,0.184999,0.228890,0.260522,0.325589,
4,2875,0.196704,0.184359,0.331125,0.287812,
4,2876,0.193034,0.174582,0.268611,0.363774,
4,2877,0.157730,0.241958,0.309488,0.290823,
4,2878,0.211384,0.205841,0.309624,0.273151,
4,2879,0.183983,0.242640,0.299871,0.273506,
4,2880,0.289036,0.165387,0.232024,0.313553,
4,2881,0.193578,0.180777,0.328437,0.297208,
4,2882,0.206113,0.239533,0.257639,0.296714,
4,2883,0.234630,0.163884,0.258651,0.342836,
4,2884,0.287167,0.147058,0.286914,0.278861,
4,2885,0.213396,0.154407,0.284881,0.347317,
4,2886,0.257010,0.181018,0.301436,0.260536,
4,2887,0.273680,0.156992,0.291981,0.277347,
4,2888,0.239916,0.186850,0.257365,0.315869,
4,2889,0.255440,0.121294,0.295998,0.327268,
4,2890,0.184732,0.178871,0.253732,0.382664,
4,2891,0.226248,0.200659,0.214862,0.358230,
4,2892,0.295266,0.133596,0.239752,0.331385,
4,2893,0.275519,0.188900,0.293631,0.241949,
4,2894,0.249463,0.215610,0.266048,0.268880,
4,2895,0.212926,0.265649,0.271693,0.249732,
4,2896,0.232351,0.177360,0.227620,0.362669,
4,2897,0.218735,0.161406,0.315934,0.303925,
4,2898,0.355362,0.096957,0.281140,0.266541,
4,2899,0.194831,0.208545,0.307828,0.288796,
4,2900,0.202048,0.191114,0.252380,0.354458,
4,2901,0.231205,0.191192,0.264853,0.312750,
4,2902,0.293896,0.167393,0.249210,0.289501,
4,2903,0.218971,0.192663,0.278338,0.310028,
4,2904,0.179512,0.211726,0.274161,0.334601,
4,2905,0.238880,0.233356,0.286246,0.241518,
4,2906,0.199931,0.231747,0.263265,0.305058,
4,2907,0.206590,0.203255,0.281581,0.308573,
4,2908,0.224213,0.159973,0.265693,0.350122,
4,2909,0.213453,0.175022,0.327420,0.284105,
4,2910,0.254980,0.191649,0.233901,0.319469,
4,2911,0.190317,0.274046,0.265894,0.269743,
4,2912,0.158815,0.382499,0.258578,0.200108,
4,2913,0.193831,0.151559,0.372418,0.282192,
4,2914,0.174604,0.210998,0.326477,0.287921,
4,2915,0.228295,0.187091,0.217755,0.366860,
4,2916,0.217189,0.240379,0.270907,0.271525,
4,2917,0.188969,0.187742,0.248255,0.375035,
4,2918,0.245334,0.186130,0.302050,0.266486,
4,2919,0.211011,0.250676,0.320573,0.217740,
4,2920,0.317069,0.151082,0.250588,0.281261,
4,2921,0.261908,0.159773,0.322220,0.256099,
4,2922,0.173705,0.291851,0.276443,0.258001,
4,2923,0.230653,0.164308,0.279334,0.325705,
4,2924,0.225037,0.181762,0.216934,0.376267,
4,2925,0.189622,0.176077,0.323406,0.310894,
4,2926,0.207345,0.198704,0.292454,0.301496,
4,2927,0.200328,0.200717,0.286797,0.312159,
4,2928,0.181491,0.118940,0.345472,0.354097,
4,2929,0.195899,0.223185,0.320639,0.260277,
4,2930,0.211713,0.221852,0.318954,0.247481,
4,2931,0.362540,0.112058,0.307033,0.218369,
4,2932,0.286814,0.109292,0.286608,0.317285,
4,2933,0.181650,0.130976,0.294858,0.392516,
4,2934,0.249625,0.168091,0.281793,0.300492,
4,2935,0.209578,0.224056,0.295130,0.271236,
4,2936,0.232928,0.198599,0.318918,0.249556,
4,2937,0.259484,0.135479,0.278020,0.327016,
4,2938,0.208590,0.181334,0.342374,0.267703,
4,2939,0.189660,0.183447,0.387929,0.238963,
4,2940,0.220451,0.157315,0.270605,0.351629,
4,2941,0.262524,0.182278,0.253692,0.301506,
4,2942,0.241320,0.212105,0.275827,0.270747,
4,2943,0.250004,0.137077,0.354117,0.258801,
4,2944,0.300645,0.142489,0.288195,0.268671,
4,2945,0.275028,0.180306,0.243336,0.301331,
4,2946,0.220719,0.210037,0.315383,0.253861,
4,2947,0.288095,0.149663,0.258087,0.304155,
4,2948,0.278675,0.126625,0.229329,0.365371,
4,2949,0.162564,0.194275,0.357221,0.285940,
4,2950,0.208871,0.197384,0.291967,0.301778,
4,2951,0.239942,0.190487,0.267883,0.301688,
4,2952,0.237116,0.177681,0.310168,0.275035,
4,2953,0.227751,0.164299,0.295267,0.312683,
4,2954,0.254497,0.132395,0.321173,0.291936,
4,2955,0.222671,0.224251,0.285071,0.268007,
4,2956,0.226039,0.138195,0.296771,0.338995,
4,2957,0.206384,0.230601,0.303052,0.259962,
4,2958,0.170413,0.266794,0.323034,0.239760,
4,2959,0.198200,0.229830,0.306626,0.265344,
4,2960,0.250891,0.200957,0.307471,0.240681,
4,2961,0.179315,0.138590,0.247105,0.434990,
4,2962,0.186817,0.213437,0.267219,0.332527,
4,2963,0.236220,0.177122,0.250910,0.335748,
4,2964,0.198351,0.234720,0.306864,0.260065,
4,2965,0.203761,0.211504,0.333607,0.251128,
4,2966,0.289053,0.201302,0.270000,0.239646,
4,2967,0.274098,0.199152,0.258840,0.267910,
4,2968,0.218923,0.199997,0.283733,0.297347,
4,2969,0.204013,0.176397,0.333602,0.285987,
4,2970,0.221838,0.207186,0.283864,0.287112,
4,2971,0.217994,0.127773,0.278632,0.375601,
4,2972,0.249355,0.163164,0.308453,0.279028,
4,2973,0.176433,0.212619,0.357886,0.253062,
4,2974,0.212339,0.130415,0.291671,0.365575,
4,2975,0.151325,0.133171,0.322681,0.392823,
4,2976,0.295189,0.115940,0.286078,0.302793,
4,2977,0.305888,0.123328,0.274879,0.295905,
4,2978,0.206434,0.236907,0.306716,0.249943,
4,2979,0.209879,0.193583,0.332547,0.263991,
4,2980,0.249100,0.160343,0.273983,0.316574,
4,2981,0.252961,0.139182,0.262756,0.345101,
4,2982,0.181216,0.167382,0.348881,0.302521,
4,2983,0.189566,0.239759,0.283665,0.287010,
4,2984,0.198018,0.203091,0.374397,0.224494,
4,2985,0.227809,0.235761,0.277943,0.258487,
4,2986,0.236178,0.140416,0.275480,0.347926,
4,2987,0.207537,0.195519,0.266408,0.330536,
4,2988,0.245465,0.214348,0.305874,0.234314,
4,2989,0.209394,0.213658,0.250828,0.326119,
4,2990,0.218627,0.184444,0.261760,0.335169,
4,2991,0.168575,0.224749,0.362708,0.243968,
4,2992,0.190122,0.255125,0.288498,0.266256,
4,2993,0.188288,0.235786,0.283823,0.292104,
4,2994,0.244432,0.254346,0.258297,0.242925,
4,2995,0.204187,0.215416,0.288302,0.292095,
4,2996,0.161261,0.157045,0.312209,0.369485,
4,2997,0.199739,0.216824,0.291135,0.292302,
4,2998,0.232589,0.172810,0.286621,0.307979,
4,2999,0.169160,0.262989,0.362898,0.204953,
4,3000,0.180723,0.235254,0.295685,0.288339,
4,3001,0.209651,0.173977,0.243854,0.372517,
4,3002,0.232197,0.187387,0.247309,0.333107,
4,3003,0.173549,0.254667,0.287226,0.284557,
4,3004,0.312959,0.131131,0.310877,0.245033,
4,3005,0.173920,0.299428,0.262670,0.263982,
4,3006,0.186078,0.272960,0.286013,0.254948,
4,3007,0.258113,0.098752,0.286048,0.357088,
4,3008,0.315785,0.136311,0.283069,0.264835,
4,3009,0.202310,0.234345,0.321821,0.241523,
4,3010,0.207268,0.150784,0.348368,0.293580,
4,3011,0.260156,0.157550,0.250939,0.331355,
4,3012,0.252023,0.236540,0.277780,0.233656,
4,3013,0.210309,0.245051,0.297567,0.247073,
4,3014,0.223008,0.195481,0.329508,0.252002,
4,3015,0.173614,0.154805,0.313987,0.357594,
4,3016,0.212258,0.267231,0.298087,0.222423,
4,3017,0.240881,0.136134,0.270978,0.352008,
4,3018,0.195495,0.203236,0.314293,0.286976,
4,3019,0.177847,0.214100,0.340688,0.267365,
4,3020,0.212781,0.186798,0.278075,0.322346,
4,3021,0.188955,0.197973,0.258631,0.354441,
4,3022,0.193764,0.177758,0.319725,0.308753,
4,3023,0.162674,0.213076,0.354109,0.270142,
4,3024,0.319321,0.141807,0.245641,0.293231,
4,3025,0.170901,0.187490,0.362714,0.278894,
4,3026,0.191888,0.132851,0.328268,0.346992,
4,3027,0.291247,0.127612,0.284724,0.296417,
4,3028,0.247485,0.150836,0.316898,0.284780,
4,3029,0.171735,0.256272,0.292820,0.279173,
4,3030,0.189838,0.165699,0.328721,0.315742,
4,3031,0.313448,0.123468,0.237235,0.325849,
4,3032,0.199382,0.216396,0.309160,0.275063,
4,3033,0.206085,0.223948,0.286796,0.283171,
4,3034,0.163448,0.214238,0.323945,0.298369,
4,3035,0.322121,0.134550,0.253919,0.289411,
4,3036,0.248227,0.145502,0.267736,0.338535,
4,3037,0.195803,0.130460,0.403298,0.270439,
4,3038,0.243420,0.137889,0.388050,0.230641,
4,3039,0.225945,0.186214,0.292313,0.295527,
4,3040,0.170180,0.144881,0.390853,0.294086,
4,3041,0.171676,0.207476,0.284962,0.335886,
4,3042,0.274278,0.124382,0.315942,0.285397,
4,3043,0.187256,0.193589,0.309810,0.309345,
4,3044,0.274563,0.140194,0.281080,0.304164,
4,3045,0.207052,0.217604,0.280341,0.295002,
4,3046,0.197122,0.117470,0.371944,0.313464,
4,3047,0.200631,0.190940,0.318261,0.290167,
4,3048,0.226335,0.185247,0.248555,0.339863,
4,3049,0.209002,0.136467,0.274232,0.380299,
4,3050,0.208322,0.217431,0.319610,0.254637,
4,3051,0.241781,0.111544,0.339634,0.307041,
4,3052,0.241983,0.139545,0.324257,0.294215,
4,3053,0.203617,0.187532,0.295921,0.312930,
4,3054,0.212220,0.174533,0.292197,0.321051,
4,3055,0.270376,0.193762,0.281007,0.254854,
4,3056,0.168501,0.215297,0.336592,0.279610,
4,3057,0.238316,0.202992,0.291065,0.267626,
4,3058,0.249039,0.206008,0.254624,0.290329,
4,3059,0.281814,0.106381,0.352082,0.259724,
4,3060,0.145570,0.230281,0.356307,0.267842,
4,3061,0.226162,0.175533,0.278400,0.319906,
4,3062,0.205360,0.202171,0.309035,0.283433,
4,3063,0.229923,0.214067,0.250173,0.305837,
4,3064,0.230324,0.177852,0.315393,0.276431,
4,3065,0.198347,0.214396,0.272902,0.314354,
4,3066,0.190094,0.210258,0.328871,0.270776,
4,3067,0.192710,0.211955,0.254366,0.340970,
4,3068,0.184175,0.248635,0.291841,0.275349,
4,3069,0.226130,0.179384,0.303239,0.291247,
4,3070,0.224750,0.134779,0.261984,0.378487,
4,3071,0.184009,0.244785,0.301910,0.269296,
4,3072,0.225272,0.210415,0.284380,0.279933,
4,3073,0.198850,0.232478,0.261296,0.307376,
4,3074,0.259215,0.200348,0.273128,0.267310,
4,3075,0.154666,0.253171,0.321084,0.271079,
4,3076,0.190582,0.207095,0.328739,0.273584,
4,3077,0.184343,0.206450,0.291861,0.317346,
4,3078,0.216350,0.134470,0.391463,0.257716,
4,3079,0.273545,0.141622,0.286250,0.298583,
4,3080,0.303768,0.106125,0.319469,0.270638,
4,3081,0.159312,0.251784,0.332581,0.256323,
4,3082,0.202446,0.144020,0.388976,0.264558,
4,3083,0.176086,0.275179,0.286906,0.261828,
4,3084,0.237015,0.185721,0.305324,0.271941,
4,3085,0.221707,0.227970,0.273902,0.276421,
4,3086,0.225671,0.199944,0.305521,0.268863,
4,3087,0.272308,0.229676,0.195058,0.302958,
4,3088,0.185826,0.249885,0.294247,0.270043,
4,3089,0.209012,0.189241,0.293604,0.308143,
4,3090,0.271804,0.163153,0.229132,0.335912,
4,3091,0.271058,0.176043,0.225553,0.327346,
4,3092,0.196648,0.230293,0.325178,0.247880,
4,3093,0.217017,0.214389,0.296999,0.271595,
4,3094,0.192094,0.227780,0.300791,0.279334,
4,3095,0.240482,0.192920,0.250077,0.316521,
4,3096,0.203760,0.249951,0.275252,0.271037,
4,3097,0.238641,0.154322,0.293992,0.313045,
4,3098,0.227976,0.208360,0.307761,0.255904,
4,3099,0.270747,0.139294,0.244366,0.345593,
4,3100,0.210569,0.220500,0.281951,0.286981,
4,3101,0.175045,0.272112,0.293987,0.258855,
4,3102,0.189376,0.338673,0.255955,0.215996,
4,3103,0.294934,0.219825,0.206648,0.278593,
4,3104,0.283965,0.158055,0.311406,0.246574,
4,3105,0.198883,0.288086,0.293718,0.219312,
4,3106,0.238066,0.193715,0.309526,0.258693,
4,3107,0.263563,0.160653,0.287667,0.288117,
4,3108,0.219318,0.170584,0.274716,0.335381,
4,3109,0.215750,0.187949,0.295489,0.300811,
4,3110,0.268830,0.209599,0.214557,0.307014,
4,3111,0.220295,0.128957,0.272912,0.377836,
4,3112,0.164534,0.196661,0.293790,0.345015,
4,3113,0.178086,0.259640,0.282342,0.279932,
4,3114,0.214817,0.184750,0.285215,0.315218,
4,3115,0.266231,0.187990,0.256399,0.289380,
4,3116,0.180574,0.195233,0.295797,0.328396,
4,3117,0.352066,0.151523,0.241576,0.254835,
4,3118,0.340366,0.096571,0.270442,0.292621,
4,3119,0.220647,0.151953,0.362047,0.265353,
4,3120,0.168255,0.322755,0.281610,0.227379,
4,3121,0.172431,0.284663,0.289914,0.252991,
4,3122,0.214773,0.191530,0.302490,0.291206,
4,3123,0.188825,0.209854,0.313063,0.288257,
4,3124,0.239624,0.173100,0.311776,0.275500,
4,3125,0.197200,0.259044,0.299477,0.244279,
4,3126,0.182989,0.249551,0.283733,0.283727,
4,3127,0.193981,0.194569,0.294208,0.317242,
4,3128,0.230603,0.222312,0.241667,0.305418,
4,3129,0.171288,0.243299,0.342687,0.242726,
4,3130,0.249209,0.106955,0.365322,0.278513,
4,3131,0.202985,0.208262,0.302496,0.286257,
4,3132,0.219215,0.244171,0.261750,0.274863,
4,3133,0.173042,0.291965,0.325518,0.209475,
4,3134,0.160298,0.240059,0.349850,0.249793,
4,3135,0.227421,0.199208,0.271329,0.302042,
4,3136,0.172088,0.288477,0.300720,0.238714,
4,3137,0.203410,0.198084,0.369640,0.228866,
4,3138,0.206512,0.171388,0.233162,0.388937,
4,3139,0.184812,0.241987,0.296477,0.276723,
4,3140,0.298411,0.121800,0.276518,0.303271,
4,3141,0.211873,0.206077,0.242231,0.339819,
4,3142,0.190682,0.235705,0.301456,0.272157,
4,3143,0.283117,0.155072,0.224889,0.336922,
4,3144,0.182412,0.155000,0.300685,0.361903,
4,3145,0.288465,0.140393,0.267563,0.303578,
4,3146,0.206697,0.225301,0.302232,0.265770,
4,3147,0.131644,0.267859,0.358658,0.241839,
4,3148,0.215815,0.168815,0.253435,0.361935,
4,3149,0.324194,0.132084,0.256312,0.287411,
4,3150,0.174674,0.119742,0.370005,0.335579,
4,3151,0.263536,0.222315,0.230124,0.284024,
4,3152,0.193904,0.220357,0.326010,0.259729,
4,3153,0.263715,0.130928,0.309044,0.296313,
4,3154,0.225487,0.157252,0.319677,0.297584,
4,3155,0.296100,0.115233,0.261692,0.326975,
4,3156,0.207803,0.192257,0.339899,0.260041,
4,3157,0.243008,0.158662,0.307427,0.290902,
4,3158,0.219570,0.195492,0.341645,0.243293,
4,3159,0.248892,0.218963,0.240475,0.291670,
4,3160,0.250595,0.207742,0.278808,0.262855,
4,3161,0.286349,0.116654,0.347401,0.249596,
4,3162,0.251225,0.143167,0.248656,0.356952,
4,3163,0.197149,0.221562,0.283100,0.298189,
4,3164,0.261390,0.175987,0.300865,0.261759,
4,3165,0.194780,0.234200,0.315847,0.255173,
4,3166,0.214493,0.245466,0.278831,0.261210,
4,3167,0.228008,0.181036,0.322711,0.268244,
4,3168,0.220968,0.159995,0.274335,0.344702,
4,3169,0.326858,0.129831,0.225667,0.317645,
4,3170,0.258654,0.177038,0.315557,0.248750,
4,3171,0.186746,0.139471,0.272326,0.401457,
4,3172,0.263471,0.190304,0.299400,0.246825,
4,3173,0.204192,0.151266,0.284400,0.360142,
4,3174,0.198617,0.136316,0.282684,0.382383,
4,3175,0.298891,0.118338,0.282162,0.300610,
4,3176,0.229962,0.119526,0.336098,0.314414,
4,3177,0.192074,0.180069,0.302088,0.325769,
4,3178,0.158836,0.198255,0.350398,0.292511,
4,3179,0.180164,0.219437,0.285562,0.314837,
4,3180,0.251841,0.215626,0.275312,0.257222,
4,3181,0.186850,0.242300,0.259763,0.311087,
4,3182,0.228428,0.187356,0.308764,0.275453,
4,3183,0.159758,0.271933,0.338390,0.229918,
4,3184,0.154483,0.095794,0.412859,0.336864,
4,3185,0.238858,0.178364,0.286742,0.296036,
4,3186,0.220395,0.219268,0.293740,0.266596,
4,3187,0.208918,0.192623,0.260378,0.338081,
4,3188,0.280353,0.185828,0.235470,0.298349,
4,3189,0.214879,0.190087,0.295530,0.299504,
4,3190,0.151016,0.241519,0.290123,0.317342,
4,3191,0.215469,0.213648,0.328251,0.242631,
4,3192,0.219678,0.214937,0.284191,0.281194,
4,3193,0.238192,0.117652,0.333261,0.310894,
4,3194,0.167403,0.288179,0.287778,0.256640,
4,3195,0.196215,0.224906,0.295737,0.283143,
4,3196,0.208381,0.253943,0.293683,0.243993,
4,3197,0.230112,0.234712,0.275862,0.259314,
4,3198,0.183859,0.176418,0.228760,0.410963,
4,3199,0.215812,0.207609,0.270724,0.305855,
4,3200,0.229414,0.180419,0.345832,0.244335,
4,3201,0.320286,0.101317,0.299743,0.278654,
4,3202,0.235555,0.161120,0.276426,0.326899,
4,3203,0.195921,0.277066,0.305275,0.221738,
4,3204,0.182261,0.214792,0.303649,0.299298,
4,3205,0.231876,0.137340,0.296666,0.334118,
4,3206,0.313935,0.097002,0.301818,0.287245,
4,3207,0.182678,0.155103,0.296155,0.366064,
4,3208,0.205389,0.138283,0.302558,0.353770,
4,3209,0.176955,0.168694,0.277353,0.376998,
4,3210,0.193464,0.167146,0.290396,0.348994,
4,3211,0.179340,0.176111,0.229894,0.414655,
4,3212,0.206599,0.152836,0.281794,0.358772,
4,3213,0.201603,0.209921,0.316997,0.271480,
4,3214,0.240961,0.162145,0.265503,0.331392,
4,3215,0.173790,0.256439,0.296306,0.273465,
4,3216,0.150537,0.163623,0.246847,0.438994,
4,3217,0.261804,0.137266,0.271460,0.329469,
4,3218,0.171156,0.161423,0.251616,0.415805,
4,3219,0.177599,0.235249,0.285519,0.301633,
4,3220,0.223013,0.190335,0.248162,0.338490,
4,3221,0.223227,0.216811,0.276146,0.283816,
4,3222,0.227886,0.255011,0.273868,0.243236,
4,3223,0.224440,0.207105,0.254877,0.313577,
4,3224,0.228617,0.161966,0.258331,0.351085,
4,3225,0.215366,0.189083,0.273792,0.321760,
4,3226,0.218767,0.169358,0.324372,0.287503,
4,3227,0.276434,0.135899,0.311143,0.276525,
4,3228,0.139063,0.253888,0.353031,0.254017,
4,3229,0.188815,0.220207,0.330172,0.260806,
4,3230,0.230067,0.187512,0.267560,0.314861,
4,3231,0.251685,0.177423,0.290274,0.280618,
4,3232,0.246598,0.139216,0.223639,0.390547,
4,3233,0.245718,0.168655,0.299150,0.286477,
4,3234,0.201389,0.191094,0.326176,0.281341,
4,3235,0.153280,0.261994,0.324964,0.259762,
4,3236,0.187559,0.169283,0.271476,0.371681,
4,3237,0.202324,0.161561,0.218952,0.417163,
4,3238,0.181449,0.352758,0.271999,0.193794,
4,3239,0.301194,0.118238,0.301101,0.279467,
4,3240,0.173283,0.251439,0.283012,0.292266,
4,3241,0.166463,0.208144,0.307615,0.317779,
4,3242,0.198523,0.230912,0.295035,0.275530,
4,3243,0.169347,0.246100,0.284875,0.299679,
4,3244,0.251378,0.192938,0.312350,0.243334,
4,3245,0.229518,0.211606,0.240976,0.317899,
4,3246,0.251917,0.170882,0.217799,0.359402,
4,3247,0.209209,0.234384,0.297751,0.258656,
4,3248,0.233218,0.212854,0.265554,0.288373,
4,3249,0.201055,0.160101,0.286808,0.352036,
4,3250,0.203511,0.216596,0.316133,0.263760,
4,3251,0.260237,0.218824,0.312072,0.208867,
4,3252,0.310353,0.152694,0.250636,0.286316,
4,3253,0.166382,0.168629,0.314852,0.350138,
4,3254,0.216029,0.233670,0.277130,0.273171,
4,3255,0.270907,0.153626,0.273942,0.301526,
4,3256,0.237662,0.151845,0.289210,0.321283,
4,3257,0.295234,0.180910,0.279473,0.244383,
4,3258,0.228532,0.196135,0.274899,0.300434,
4,3259,0.228814,0.212970,0.209947,0.348269,
4,3260,0.219868,0.188252,0.269924,0.321956,
4,3261,0.236916,0.187512,0.305732,0.269840,
4,3262,0.250488,0.195882,0.267406,0.286224,
4,3263,0.236919,0.179683,0.262247,0.321152,
4,3264,0.232796,0.196759,0.286656,0.283788,
4,3265,0.207148,0.233905,0.247759,0.311187,
4,3266,0.168114,0.251681,0.290315,0.289890,
4,3267,0.227284,0.098436,0.364583,0.309697,
4,3268,0.197339,0.214713,0.293929,0.294018,
4,3269,0.205027,0.203302,0.335023,0.256648,
4,3270,0.253501,0.159709,0.290482,0.296307,
4,3271,0.184330,0.222368,0.308692,0.284610,
4,3272,0.268432,0.119685,0.277679,0.334204,
4,3273,0.221360,0.172678,0.249783,0.356179,
4,3274,0.195827,0.151189,0.288381,0.364603,
4,3275,0.224680,0.205214,0.293146,0.276961,
4,3276,0.218243,0.170478,0.262423,0.348856,
4,3277,0.182725,0.142834,0.287125,0.387316,
4,3278,0.292367,0.175298,0.261374,0.270961,
4,3279,0.195667,0.236919,0.304456,0.262958,
4,3280,0.234201,0.168259,0.233061,0.364478,
4,3281,0.236513,0.161860,0.293790,0.307837,
4,3282,0.164890,0.273731,0.349094,0.212285,
4,3283,0.219246,0.210821,0.248601,0.321333,
4,3284,0.191255,0.276387,0.261016,0.271342,
4,3285,0.166534,0.292706,0.291303,0.249457,
4,3286,0.274350,0.128357,0.243642,0.353652,
4,3287,0.159693,0.299035,0.278164,0.263108,
4,3288,0.319601,0.110881,0.274581,0.294937,
4,3289,0.178929,0.209019,0.307109,0.304943,
4,3290,0.173125,0.253725,0.272797,0.300353,
4,3291,0.269626,0.194083,0.290989,0.245302,
4,3292,0.215367,0.170913,0.239168,0.374552,
4,3293,0.210403,0.229091,0.270964,0.289542,
4,3294,0.263556,0.171651,0.261425,0.303368,
4,3295,0.217162,0.140989,0.292113,0.349736,
4,3296,0.268715,0.145136,0.274483,0.311666,
4,3297,0.253089,0.139201,0.284796,0.322913,
4,3298,0.214653,0.103924,0.246052,0.435370,
4,3299,0.242057,0.200142,0.324731,0.233070,
4,3300,0.221961,0.172348,0.267648,0.338043,
4,3301,0.178792,0.171068,0.263878,0.386262,
4,3302,0.225045,0.205339,0.320388,0.249229,
4,3303,0.176102,0.209400,0.308356,0.306142,
4,3304,0.252315,0.135364,0.259755,0.352565,
4,3305,0.242756,0.215315,0.266375,0.275554,
4,3306,0.172776,0.243459,0.311772,0.271993,
4,3307,0.181174,0.206640,0.350675,0.261511,
4,3308,0.283004,0.147716,0.219835,0.349445,
4,3309,0.211291,0.270130,0.247744,0.270835,
4,3310,0.159749,0.274935,0.307411,0.257905,
4,3311,0.176559,0.194308,0.244949,0.384184,
4,3312,0.310960,0.135112,0.311680,0.242248,
4,3313,0.168847,0.229404,0.322863,0.278886,
4,3314,0.234487,0.195517,0.233724,0.336272,
4,3315,0.236381,0.204844,0.320108,0.238667,
4,3316,0.331193,0.170625,0.196873,0.301309,
4,3317,0.211443,0.201767,0.259139,0.327652,
4,3318,0.202109,0.225640,0.324091,0.248160,
4,3319,0.249611,0.194723,0.333605,0.222062,
4,3320,0.224917,0.185011,0.283287,0.306785,
4,3321,0.242089,0.232741,0.278474,0.246696,
4,3322,0.275121,0.139480,0.243771,0.341628,
4,3323,0.221711,0.175882,0.306713,0.295694,
4,3324,0.204364,0.181305,0.329991,0.284340,
4,3325,0.222521,0.235942,0.262073,0.279463,
4,3326,0.210250,0.181967,0.303662,0.304122,
4,3327,0.212090,0.153465,0.239342,0.395103,
4,3328,0.190133,0.186543,0.303576,0.319749,
4,3329,0.214076,0.222393,0.299186,0.264345,
4,3330,0.191010,0.253917,0.302201,0.252873,
4,3331,0.244601,0.175872,0.273984,0.305543,
4,3332,0.173481,0.204441,0.359446,0.262632,
4,3333,0.227494,0.210832,0.271696,0.289979,
4,3334,0.187779,0.275144,0.310546,0.226530,
4,3335,0.171074,0.259623,0.329256,0.240047,
4,3336,0.281362,0.103418,0.334102,0.281118,
4,3337,0.161527,0.249061,0.301318,0.288095,
4,3338,0.201357,0.181945,0.302232,0.314465,
4,3339,0.254125,0.181367,0.232213,0.332296,
4,3340,0.204409,0.147359,0.278943,0.369289,
4,3341,0.209783,0.194746,0.297210,0.298261,
4,3342,0.175081,0.259124,0.309506,0.256289,
4,3343,0.164407,0.248426,0.283517,0.303651,
4,3344,0.196418,0.214891,0.314959,0.273732,
4,3345,0.199382,0.157298,0.292466,0.350854,
4,3346,0.189795,0.113807,0.390625,0.305773,
4,3347,0.229442,0.166496,0.291874,0.312188,
4,3348,0.238848,0.139283,0.296433,0.325436,
4,3349,0.272026,0.126002,0.300370,0.301601,
4,3350,0.250493,0.141637,0.274447,0.333423,
4,3351,0.166998,0.248444,0.301539,0.283020,
4,3352,0.236136,0.203148,0.309656,0.251060,
4,3353,0.186267,0.213574,0.312389,0.287770,
4,3354,0.205469,0.202723,0.307087,0.284721,
4,3355,0.210956,0.178446,0.317065,0.293532,
4,3356,0.194532,0.275504,0.286902,0.243062,
4,3357,0.143284,0.278860,0.294521,0.283335,
4,3358,0.245711,0.179082,0.307903,0.267304,
4,3359,0.211114,0.099303,0.387290,0.302293,
4,3360,0.251986,0.144575,0.311296,0.292143,
4,3361,0.232498,0.201341,0.293278,0.272883,
4,3362,0.316595,0.098706,0.304642,0.280056,
4,3363,0.237480,0.171574,0.221406,0.369540,
4,3364,0.205277,0.204311,0.270736,0.319676,
4,3365,0.194264,0.164194,0.335022,0.306519,
4,3366,0.185789,0.234157,0.276913,0.303141,
4,3367,0.191350,0.193649,0.340226,0.274775,
4,3368,0.235001,0.215418,0.283769,0.265812,
4,3369,0.171126,0.255629,0.305219,0.268026,
4,3370,0.275745,0.181312,0.256897,0.286046,
4,3371,0.170648,0.217206,0.319953,0.292194,
4,3372,0.184244,0.263563,0.318802,0.233390,
4,3373,0.212651,0.223455,0.296847,0.267046,
4,3374,0.226890,0.193728,0.272949,0.306433,
4,3375,0.411081,0.129870,0.255213,0.203835,
4,3376,0.243118,0.176172,0.237584,0.343125,
4,3377,0.190817,0.232188,0.289271,0.287723,
4,3378,0.254055,0.164303,0.260200,0.321442,
4,3379,0.188761,0.252495,0.280397,0.278348,
4,3380,0.237601,0.173374,0.303169,0.285857,
4,3381,0.183697,0.264760,0.258328,0.293215,
4,3382,0.198136,0.189353,0.287419,0.325093,
4,3383,0.260650,0.251820,0.243939,0.243591,
4,3384,0.292134,0.188381,0.226084,0.293401,
4,3385,0.231104,0.142206,0.283835,0.342854,
4,3386,0.216193,0.149224,0.322456,0.312127,
4,3387,0.168978,0.183347,0.280349,0.367326,
4,3388,0.207567,0.195613,0.246056,0.350764,
4,3389,0.185462,0.238069,0.336473,0.239996,
4,3390,0.246675,0.188014,0.315404,0.249908,
4,3391,0.244251,0.205499,0.262826,0.287424,
4,3392,0.191809,0.250853,0.312500,0.244837,
4,3393,0.174301,0.255624,0.307496,0.262580,
4,3394,0.188139,0.172669,0.300461,0.338730,
4,3395,0.348133,0.114740,0.311206,0.225920,
4,3396,0.173451,0.173601,0.329034,0.323913,
4,3397,0.204997,0.148410,0.303742,0.342852,
4,3398,0.233075,0.135030,0.303328,0.328566,
4,3399,0.287146,0.157481,0.263974,0.291398,
4,3400,0.197616,0.191656,0.265658,0.345070,
4,3401,0.155316,0.258471,0.292919,0.293295,
4,3402,0.301234,0.145405,0.250042,0.303319,
4,3403,0.312573,0.133896,0.243310,0.310221,
4,3404,0.285524,0.118354,0.303155,0.292967,
4,3405,0.244222,0.195554,0.328253,0.231971,
4,3406,0.216179,0.242650,0.289944,0.251227,
4,3407,0.285741,0.244641,0.203182,0.266437,
4,3408,0.212015,0.216571,0.330129,0.241284,
4,3409,0.237408,0.202976,0.267829,0.291786,
4,3410,0.267398,0.148051,0.311697,0.272854,
4,3411,0.272521,0.091983,0.262338,0.373157,
4,3412,0.200222,0.175459,0.276349,0.347970,
4,3413,0.181419,0.251478,0.335361,0.231742,
4,3414,0.229923,0.192782,0.278431,0.298863,
4,3415,0.167017,0.193410,0.368899,0.270674,
4,3416,0.173282,0.209631,0.310582,0.306505,
4,3417,0.303825,0.124189,0.317975,0.254012,
4,3418,0.250325,0.165503,0.321053,0.263120,
4,3419,0.256425,0.236843,0.254356,0.252376,
4,3420,0.191172,0.104479,0.399926,0.304423,
4,3421,0.234665,0.148757,0.300564,0.316014,
4,3422,0.369842,0.129661,0.238870,0.261626,
4,3423,0.213171,0.179677,0.246811,0.360340,
4,3424,0.201602,0.133254,0.330192,0.334952,
4,3425,0.184329,0.194417,0.283264,0.337990,
4,3426,0.262502,0.168608,0.268364,0.300526,
4,3427,0.211421,0.177964,0.253614,0.357000,
4,3428,0.176179,0.139199,0.269952,0.414669,
4,3429,0.216221,0.176844,0.304689,0.302246,
4,3430,0.212587,0.215672,0.330842,0.240898,
4,3431,0.164672,0.204463,0.281852,0.349012,
4,3432,0.206246,0.211197,0.272884,0.309673,
4,3433,0.225435,0.201255,0.320688,0.252621,
4,3434,0.203623,0.196694,0.286610,0.313074,
4,3435,0.187682,0.238627,0.309139,0.264552,
4,3436,0.189274,0.212358,0.310585,0.287784,
4,3437,0.238921,0.179478,0.316548,0.265053,
4,3438,0.238935,0.126464,0.280804,0.353797,
4,3439,0.250599,0.190765,0.289667,0.268968,
4,3440,0.199116,0.163757,0.318251,0.318876,
4,3441,0.230101,0.199442,0.296841,0.273617,
4,3442,0.223837,0.178290,0.310904,0.286969,
4,3443,0.177955,0.219803,0.330970,0.271272,
4,3444,0.198758,0.204374,0.302970,0.293898,
4,3445,0.198437,0.196231,0.311850,0.293482,
4,3446,0.173604,0.258979,0.348481,0.218936,
4,3447,0.227960,0.207796,0.300951,0.263294,
4,3448,0.206326,0.290534,0.245807,0.257332,
4,3449,0.204308,0.160014,0.269178,0.366500,
4,3450,0.179113,0.250224,0.317800,0.252863,
4,3451,0.173125,0.214018,0.305627,0.307230,
4,3452,0.221844,0.227935,0.241656,0.308565,
4,3453,0.226177,0.187741,0.299804,0.286278,
4,3454,0.207976,0.174424,0.235851,0.381749,
4,3455,0.310219,0.134404,0.247074,0.308303,
4,3456,0.256669,0.205292,0.260972,0.277067,
4,3457,0.196114,0.251047,0.321451,0.231387,
4,3458,0.159088,0.254820,0.297947,0.288145,
4,3459,0.329609,0.110392,0.289870,0.270129,
4,3460,0.203052,0.206075,0.263568,0.327304,
4,3461,0.233824,0.189952,0.303862,0.272363,
4,3462,0.195288,0.174498,0.301283,0.328931,
4,3463,0.224583,0.209839,0.272721,0.292857,
4,3464,0.226903,0.175035,0.292461,0.305601,
4,3465,0.204043,0.285498,0.258830,0.251630,
4,3466,0.210229,0.195314,0.284183,0.310274,
4,3467,0.279234,0.138427,0.279914,0.302425,
4,3468,0.202364,0.196007,0.222128,0.379502,
4,3469,0.182737,0.247223,0.281257,0.288782,
4,3470,0.232747,0.163480,0.292416,0.311357,
4,3471,0.217331,0.167703,0.317394,0.297572,
4,3472,0.265866,0.174568,0.276914,0.282652,
4,3473,0.232717,0.182278,0.254224,0.330781,
4,3474,0.197542,0.171891,0.334381,0.296186,
4,3475,0.211982,0.277129,0.246299,0.264590,
4,3476,0.254525,0.142893,0.267485,0.335097,
4,3477,0.191055,0.253742,0.296406,0.258798,
4,3478,0.280779,0.123384,0.298037,0.297800,
4,3479,0.298306,0.184560,0.235487,0.281646,
4,3480,0.234509,0.186498,0.305444,0.273549,
4,3481,0.189667,0.190151,0.265614,0.354569,
4,3482,0.207649,0.147805,0.287598,0.356948,
4,3483,0.184041,0.204807,0.358904,0.252247,
4,3484,0.177192,0.238559,0.325900,0.258349,
4,3485,0.219809,0.251840,0.263279,0.265072,
4,3486,0.182794,0.266158,0.325671,0.225377,
4,3487,0.289806,0.148222,0.282858,0.279114,
4,3488,0.280465,0.193056,0.271010,0.255469,
4,3489,0.179767,0.192555,0.317971,0.309706,
4,3490,0.208481,0.230671,0.220577,0.340271,
4,3491,0.217136,0.250787,0.276785,0.255292,
4,3492,0.214214,0.196087,0.258629,0.331070,
4,3493,0.211627,0.174608,0.326981,0.286785,
4,3494,0.146981,0.245834,0.355849,0.251336,
4,3495,0.271434,0.116445,0.333676,0.278445,
4,3496,0.199999,0.250298,0.308510,0.241193,
4,3497,0.161001,0.182143,0.274530,0.382327,
4,3498,0.183180,0.274634,0.279390,0.262796,
4,3499,0.201658,0.258612,0.271323,0.268407,
4,3500,0.248997,0.213407,0.236953,0.300643,
4,3501,0.270030,0.193642,0.253266,0.283062,
4,3502,0.195572,0.186431,0.327515,0.290482,
4,3503,0.188131,0.233465,0.320212,0.258193,
4,3504,0.200842,0.215855,0.292224,0.291079,
4,3505,0.226133,0.163215,0.297857,0.312795,
4,3506,0.172950,0.234215,0.295275,0.297560,
4,3507,0.267865,0.169210,0.280018,0.282907,
4,3508,0.147838,0.245973,0.296028,0.310161,
4,3509,0.144750,0.231453,0.360553,0.263245,
4,3510,0.199645,0.212791,0.328284,0.259279,
4,3511,0.184545,0.118256,0.339773,0.357425,
4,3512,0.219889,0.106253,0.360578,0.313281,
4,3513,0.182539,0.196628,0.308256,0.312577,
4,3514,0.182652,0.203716,0.353186,0.260446,
4,3515,0.215980,0.192752,0.277583,0.313685,
4,3516,0.190755,0.167417,0.282824,0.359003,
4,3517,0.165718,0.235882,0.312039,0.286362,
4,3518,0.202370,0.227857,0.298574,0.271199,
4,3519,0.245124,0.184465,0.258543,0.311868,
4,3520,0.188215,0.243658,0.291777,0.276350,
4,3521,0.239736,0.131188,0.240134,0.388941,
4,3522,0.205338,0.108281,0.380695,0.305686,
4,3523,0.201017,0.203936,0.302573,0.292473,
4,3524,0.261044,0.164438,0.278314,0.296203,
4,3525,0.196934,0.224286,0.291554,0.287226,
4,3526,0.262438,0.183287,0.283186,0.271089,
4,3527,0.268778,0.194814,0.288577,0.247832,
4,3528,0.163385,0.264752,0.296971,0.274892,
4,3529,0.226962,0.195384,0.314411,0.263243,
4,3530,0.211977,0.308950,0.243632,0.235440,
4,3531,0.241451,0.114869,0.348269,0.295412,
4,3532,0.156125,0.254922,0.314621,0.274332,
4,3533,0.281341,0.115934,0.279970,0.322755,
4,3534,0.178118,0.207588,0.336718,0.277577,
4,3535,0.249847,0.178918,0.288917,0.282317,
4,3536,0.223063,0.201208,0.302449,0.273279,
4,3537,0.219293,0.189189,0.259277,0.332240,
4,3538,0.163750,0.258094,0.331749,0.246407,
4,3539,0.221226,0.189202,0.278231,0.311340,
4,3540,0.191326,0.266443,0.283242,0.258989,
4,3541,0.332679,0.219678,0.225859,0.221784,
4,3542,0.201519,0.192992,0.307745,0.297745,
4,3543,0.227798,0.175624,0.325962,0.270617,
4,3544,0.219145,0.146990,0.303403,0.330461,
4,3545,0.239754,0.223659,0.221401,0.315187,
4,3546,0.222558,0.202461,0.281976,0.293004,
4,3547,0.225113,0.131024,0.267804,0.376059,
4,3548,0.329690,0.140138,0.249274,0.280898,
4,3549,0.300963,0.210218,0.221481,0.267338,
4,3550,0.248317,0.187318,0.294498,0.269867,
4,3551,0.190841,0.161917,0.354282,0.292960,
4,3552,0.221580,0.207166,0.257232,0.314022,
4,3553,0.267955,0.195170,0.281416,0.255458,
4,3554,0.231155,0.196121,0.310579,0.262144,
